SMILES,QED,MW
COC1=C(F)OC(C(C)=O)(C2(O)N=C(C)N=CN2C2=C(C)N=C(C)C(C)=C2)N(C2=CC=CC2)C1C,0.6836459341380046,483.54400000000027
COC1=C(Cl)C(OC)(C2=CC(C)=C(C)C=C2)C(C)(C)C(F)(C2NC(N)=NC(=O)N2C)N1C,0.660790297513928,467.9730000000002
CCNC(=O)N1C(C2=NC(C#N)=CCO2)=CSC(F)(C2(C)CC=CCN2C)C1(N)C1=CC=C(F)C=C1,0.593608006372132,514.6020000000003
CC1=CC(C)CC(C)(C2=C(F)C(C3(O)C=CC=C3)=C(N(C)C)C(C3(O)CC(C)C=CO3)=C2)C1,0.5867583523730941,453.5980000000003
CCN(C)C1C(=O)C(F)=NN=C1C1(C2=C(C)CC(C)=CS2=O)OCC(F)=CN1C1=C(C)CC=C(N)N1C,0.5779834692327652,534.6330000000002
CCN1C(C)(C2=CC=C(N(C)C)CC2CN)OC(F)=C(N)C1(C1=CNC=CC1)C1C=CC=C1,0.5723003418736963,453.6060000000001
CC1=CC=C(N2C=C(C3CC=CN3)C(=O)C3CC(C)=CC(C)=C32)C(C2=CC(=O)C(C)(F)C(C3=C(N)C=CCN3C)C2=O)=C1,0.521291228311599,580.7040000000003
CC1=CC(C2(F)C=C(N)CNC2=O)=C(C2=C(C)C=CCO2)C(F)=C1N(C1=CC(C)N(C)CN1)C1CCCCC1,0.5130769805602562,539.6710000000003
CC(=O)C1(N(C)C2=CC=CN(C)C2)C=CC=CN1C1(C)OC(F)=C(OC2=NCC(C)=C(C)N2)N(C2=CN=CC=C2)C1(C)O,0.5093911445045687,591.6880000000003
Cc1c(C2=C(OCF)C=C(F)C(C3=CC=CN(C)C3)C2=O)cc(C2=CCOC2)c(N)c1S,0.506787921008561,458.5300000000003
CC1=C(C2=CC(C3=CC=CNO3)=C(Cl)C(C3=CC(=O)C(C)CN3)=N2)C=C(C(N)=O)C(F)=C1N,0.5056285392053707,469.90400000000017
CSC(C)(C(C)=O)N1C(N2COC(C)=C2C)=CN=C(N)C1(F)N(C)C(C)C(C)C(F)N(C)C,0.4963821107861781,488.64900000000017
COC(C(=O)N(C)C)(N1CC=C(C)N(C)C1C)C1(F)CC(C2=NC(N)=CC(C=O)=C2N(C)C)=CC(C)(C=O)C1C,0.48150244317208657,558.6990000000003
COC12CC(N)=NC(C)=C1C(F)=C(OC(=O)Cl)C(=O)N2C1=CNC(C2=CC=CC=C2)C(N)N1,0.4811800481489537,476.89600000000013
CCC1C=CN(C2=CC(C)=C(OC)NC2C(C)C2=CCC(F)=C(C3=CC(=C=O)CCN3C)S2)C=C1,0.46276590742243817,495.6640000000003
CCC1=C(C2=C(F)C(N)=C(C3=C(C)C=C(C)C(C)=C3)C(C3(N)C=CC=CO3)=C2OC)N=C(F)C(C)C1,0.4515077159892779,493.59800000000024
CCNC1=CC(C2C=C(F)OC(=O)C2(OC)C2=CC=C(C3=CC=CC=C3)N3C=CC(C)=C(C)C23)=CC(O)=C1,0.44911282270461605,514.5970000000002
CCC(F)(C(C)C1=C(C)OC(N2N(C(C)(C)N(C)C)C=CNC2(O)C=O)=C(C)C1(F)F)C1(C)C=CC=C1,0.44318041618457005,524.6280000000002
CCOC1(N2C(C)OC(C)=C(CC=O)C2N)C(F)=C(C)C=C(C(C)=O)C1(C)C(CNC)C1=CCC=C1,0.4363915243467049,501.6430000000003
COC1=CN(C)N(C(=O)C2C=CCCC2)C(C2=CC(C(=O)ON)(C3CCO3)C(F)=C(C)C2(C)N)=C1C,0.43501350602008576,502.5870000000004
CCC(N)(O)C1=NC2(C)NC2(NC)C(C2(C)SC(C)C(C)=C(C)N2C)=C1F,0.4282643000546423,397.56400000000014
CC1=C(C)C(CN2CC=CC2)=C(C2=NC=CC=C2N)N(CC2=C(Br)C(S(=O)(=O)N3N=CCC(O)C3=O)=C(C)C(C)=C2F)C1,0.42376590959840427,673.609
CCC1=CC=C(OC2(N3CCC=N3)C=C(F)C(C)C(C3(OC)C=CC=C(C)O3)=C2S)C(=O)C1=N,0.419681252137533,485.5810000000002
CNC1=CC=C(C2=C(C(C)(C)O)C(C3=C(O)N=CCN3CO)=C(C3=CC=CC=C3)C(C)=C2F)C(O)C1,0.4190166302045051,493.57900000000024
CC(=O)C1=C(N)C(C2=C(F)C(C)C(C)C(C=O)(N(C)C)C2=O)=C2C(=C(C)C(C=O)=CN2C)C1C1CC=CC=N1,0.4117521779181166,534.6320000000003
CNC1C=CCCC1(C1=C(C)C(Cl)CC(=O)C1)c1c(O)c(OC)c(C2(F)C=CCC2)c(F)c1F,0.4087941042685928,495.9690000000002
CC1=C(C2=NC=CC=C2)C(F)=C(N2C(CO)C(N3CC3)C(O)=C(C)N2C2=CNCN(C)C2)C(C2=CC=CC=C2)=C1,0.4027775830446908,542.6590000000003
CON(C1=NC=NCC1)C1=NC(=O)C(C2=CN=CCO2)(C2C=CC(=O)C(C3CN3)=C2C2=C(C)CN(C)C=C2)C(F)=N1,0.3981040184006497,560.5900000000004
CC1=CNC(N2C=CCC3(F)C(C4(N5CC(O)=CC=N5)CCC(C)=C(O)C4)=C(C)C=C(O)C23)C(O)C1,0.39770615813224586,498.59900000000033
CC1=CSC=C(C2CC(C3=CC(C)=C(Cl)C(F)=C3[SH]=O)(C3=CN(C)C(S)=C4NCN34)CCN2C)C1(C)C,0.3975075230418629,581.248
CCN1N=C(F)S(=O)C(C(=O)O)=C1C(C)(O)C1=C(COC)C(O)(c2nnc(C)c(C3CC=C(C)C3)c2C)OCC1,0.39235416121013894,578.6630000000002
CCN1C=C(C2C(C3(NC)CC=CO3)=C(O)C(=O)C(C=O)(C3=C(C)CCC(C)=C3C)C2(C)F)C=CN1C,0.39207712994640725,511.6380000000004
C=C1C(=O)CCCN1C12C(C3=C(F)C=C(C)C4=CCCC43)=CC(C)=CC1(C)C(C1=CN(C)C=CC1)=CC(N)=C2F,0.3863906257969457,541.6860000000004
CCCC1=C(F)C(O)=C(N2C(C3=CC(C)=C(N)C=C3)=C(C)C(OC)=C(N)C2(N)F)C(C)=C1C,0.38372306403975276,458.5530000000003
CNC(C1=CN(C)C(C)=C(C)C1(N)C1=C(F)N=C(O)C2=C3C(=CC=C4C=CCC43)C(C)=CC21C)N(C)C,0.3805997330151413,503.6660000000003
COC1=C(C2=C(N)C(F)(C3=C(F)C(C4(C=O)C=CC=CO4)=CC=C3)C(C3=CC=CNC3)C(C)=C2)NC=CC1C1=CCC=N1,0.3794677260380486,582.6510000000001
CC1=CC(=O)C(N2C(C3C=CC=N3)=C(F)OC(CS)(C3=NC(O)=CC=C3)C2(C2=C(C)CCCC2)N(C)C)N=C1C,0.3784733210224883,565.7150000000003
CCC1=C(C)C(C2(N)OC=CC(C3=C(N)C=CCC3)=C2C)=C(C(=O)N(CC)CC(C)=O)C(F)=C1OC1=CC(C)=CCN1,0.37626933290175846,576.7130000000003
CCNC1CC(C2(c3nccnn3)C(=C3C=CCC3)C(F)(C3=CCC(C)=CC3)C(=O)C(C)(OC)N2C)N(C)C(C=O)=C1C,0.3713406256712246,590.7440000000003
CC1=CC=C(C23C(C=O)=CC4C(C)=CC=C(C5=CC(N)=NC=C5)C4C2(C)C(C2(C)C=CC=CN2)=C(N(C)C)C(C#N)=C3F)NC1,0.36521573637236426,602.758
COCC1(C)CCC(C)(N)C(OC)(C2=C(OC3=NC(OC4C=NC(C)=CC4)=NC(C)=C3)NC(F)=C(N)O2)N1,0.361777596596046,533.6050000000002
COC1=C(C(N)(F)C2(OC)NC(C)=C(C3(C4=C(N)C(C)=CC=C4C)C=COC=C3)C=C2C)C=C(C)C=C1,0.35746041017161057,505.63400000000024
CC1=CC(C2=C(C=O)C=C(F)C(C(C)(C=O)C3=CC(=O)C=CC3=S)=C2C2C=CC(=O)C=C2)=CC=C1N(C)C,0.3571796987807606,527.6170000000001
CCC1=C(C(=O)C2=NCC=C2)N(C2=C(OCF)OC(F)(C#N)C(C(=O)NS)=C2C)C(CC)(CN(C)C)CN1,0.3551147927812546,550.6320000000002
COC1CN(C(O)C(Br)(OC)C(C)(F)C2=C(C)CNC=N2)C(N)=C(C2=CCC(C)N2)N1C(C)=O,0.35228117949698223,545.4540000000002
C=NC1(C2=NC(F)=C(C3=C(OC4(C)N=CC(C5CCCO5)=CC4C)OC(C)=NN3C)C(F)=N2)N(C)C(C)=CC(C)(C)N1C,0.3460487421701305,598.6990000000001
COC1=C(C)C=C(C)C(C2(C3=C(C4=C(N)CNC(C)C4=O)C(=O)C(C)(S)C(C(N)=O)=C3F)C=C(Cl)C=CN2)=C1,0.34224048945052227,573.0900000000003
CC(=O)C1(N2C(C)N(C)C2(C)N)C(C2=CC(C)=C(S)C=C2)=CC2=C(Cl)C(C(=O)O)=C(F)N(C)C2=C1O,0.3417390364345036,535.0410000000002
CCC1=CC(C2=C(C)C=CCC2C2=C(O)CC(N)O2)=C(C2=C(N(C)C)C=C(S)C=C2)N(C)C1(F)F,0.34155037853125275,501.64300000000014
CC(=O)C1=C(F)C(C(=O)C2=CCCC(O)=C2C(C)(O)Cl)=C(OC2=CNCC3C(N)=CCC(=O)C23)CN1,0.3323972577891017,519.9570000000002
COC1=C(F)C=C(C2=C(N)C(C3(C=O)CC=CC=C3Cl)C(C)=CC2(N)C2=CC=CN(C)O2)C(N)(C2=CC=CC=C2)C1=O,0.3314103877432312,591.0830000000003
CC1C=C(O)C=CN1C1=C(N2C=C(N(C)C)C(O)C=C2C2=CCCC[SH]2C)C(O)N(C2=CC=CNC2)N=C1F,0.32998715294822634,556.7080000000003
CON1C2=C(C)C(C)=CCC2(C)C(=O)N(C2=CC=C(N)C(C)N2C)C1(C)OC(Br)C1(F)C=C(C#N)N(C=O)C(C)=C1C,0.3286658006064345,645.574
CNC1=C(C2=C(C)C=C(CN)CN2C)C(N2CC=C(O)SC2)=C(S)C(F)=C1C1(N)C=CC(F)=C(OC)N1C,0.3279291226889404,564.7280000000001
CNC1C(C2(O)C=CC=CO2)=C(OC)C(C=O)C(F)=C1C1(F)C(N(C)C)N(C)C(O)=C(C)[SH]1C,0.3252257121545923,501.5960000000002
CC1=C(C)C(C)=C(C2=CC(=O)C(C3NCN(C)CO3)C=C2C2=C(F)C(C)=C(O)C(C3=CN(C4C=CCC4)C(C)C(CO)=C3)=C2C)C=C1,0.32417281566926176,639.8120000000002
CCC1=CC(C)(C)C(c2c(F)cc(COC3=CCCN3O)c(C(N)=O)c2C2(C)ON(C)C(CN)=NC2(C)N)=CN1,0.3231367675547227,557.6710000000003
CCOC1=COC(F)(C2=CC(C)CCN2C2=NC(C3=C(N)NNC=C3O)S(=O)C(C)=N2)C(N)(C(C)=O)N1C,0.3196905143538901,552.6330000000002
COC1(C2=CNC(C)N=C2C)C=C(C)C(C)=C(C2=C(C)C(C)CC(N)C2C)C1(C(C)=O)C1=C(F)C(C)=C(C2CC=CC2)C(C)=C1,0.31913812329481783,613.8620000000002
COC1=CCNC(C2=C(c3cc(C)c(CN)c(C)c3F)C3(N(C)CF)C(C)=CC(C)CC3(C3=CC=CC3)C(=O)C2)=C1,0.3110756153362577,561.7170000000002
CC1=C(CC2(C3C=CC=CC3)C(Cl)=C(F)C(C)(C3(N4CCC=CC4C)C=CN(C)C=C3)C3C(O)=CC=CC32F)SCC=C1,0.3092940353160748,623.2530000000002
CSC(F)(C(=O)C=O)C1(O)C(C2=CC=CN=C2)=C(CN(C)C)C=C(C23C=C(O)C=CC2(C)N3C)N1C,0.30734646973568114,514.6230000000003
CC1=CC(OC2(C3=CC(C)=C(C)C=C3)CSCCO2)(C(F)(F)C2=CC(C3=C(C)C=CC=C3)=C(F)C(C)=C2C)C=C(N)N1,0.305018805518875,594.743
CCC1=NC(C2(F)C=CC(N3C(OC)=CC(C)=C4C=CN(CC)C=C43)=CC2(C=O)C23CCC=C2N(C)C=C(C)O3)=C(C)C(=O)C1,0.30479571291065133,612.7460000000001
CNC1=C(N2C=CC(C)=CC2F)C(N(C)C2(Cl)C=CNC=C2C)=C(F)C=C1C1=CC(C)=CC(O)=C1C,0.30281985758861435,513.0320000000002
COC1=CC(C)C=C(C2=C(N3N=CC(N)(Cl)C(C)(N)N3)C(OC)(N3COC=N3)CC(=O)C2(C)F)N1,0.30245202383847714,512.9740000000003
COC1=C(C2=COC(C)(F)C(Br)=C2C2=CC(C(C)=O)C=CC2)C(C)=C(NC2=CC=CCC2)C(N)=C1,0.29896593206891126,541.4610000000002
CCCN1N=C(OC2=C(N(C)C)C(C)C(S)=C(F)N2)C(O)(C2=C(C)C=CC(C)N2C)C=C1C1=C(C)C(N)=CC=N1,0.29720908481427494,569.7510000000001
C=C1OC(C)(CC)C(C)=C(Cl)N1c1ccc(N)c(F)c1-c1c(CC)c(C)c(N)c(C)c1C1(OC)CN=CN1,0.2967547037326667,542.0990000000004
COC1=NC=C(C)C=C1C1(N(C)C)C(N)(F)C(C2=CN(C)CCC2)=C(F)C(Br)(C=O)C1(C)C1=CC=CC1,0.2963056813978497,577.5140000000001
CNC(=O)NC1=C(C2(C(C)(OC)C3=C(C)CCC=C3C3=CCC=CN3)NCC=CN2C)SC(O)(F)C(O)O1,0.29602530430649754,549.6690000000002
CN1C=CC=C(N(C)C(=O)C2(N(C)C3=CC=CC=C3)C(F)=C(N=O)C(S)=C(C3=CC(=O)CC(C=O)=N3)C2(C)O)C1,0.2960236234185057,565.6270000000003
C=C(N)C1=C(F)C(F)=C(OC2=CCC(O)=NC2)C(C2(C3(O)NCSCN3N)C=C(F)C=C(N)C2)=C1OC,0.2938417927280623,540.5680000000002
CCN(C1=C(C)CNC(C)N1)N1C(C2(C)N=CC(F)=C(C3(O)CC=NC3)C2(CO)SCO)=CC=CC1(C)C,0.29347522004743926,548.7290000000003
CC1=CCC(C)(C2=CC(C)N(C(C)=C3C(C=O)=C(F)C(=O)C(C)(OC4=CC=CN(C)N4)N3C3(C)C(C=O)=CC=C(N)C3C)C(=O)C2)S1,0.29038977354311973,663.816
CC(=O)c1cc(C(C)(C)O)c(C(C)=O)c(C2=C(F)C=C(O)S(=O)(=O)C2(C=O)N2C=CCC2)c1C1(N)C=CC=CN1,0.28219040424910113,571.6270000000003
CC(=O)C(C)(N)C1=C(F)C(=O)C(C)(C2(C#N)CC(C)=COC2C2=CCCC2)C(C2=C(N)CC(C)=C(N)C2)=C1S,0.2819561876602342,552.7160000000005
CCC1=C(C(NC(=O)C2=CNC=CC2)C2C=C(C)C=C(N)N2)C=C(C(O)NC)C(F)=C1C1=CN(C)C(=O)CC1,0.2814642786653772,536.6520000000002
CNCC1(C2=CN=C(C)C(C)N2C)C(C=C=O)=CC(C2CC=CC(C)=C2C)=C(C)C1(F)N1C(C)=C(C2OCO2)C=C(O)C1C,0.28062676382471224,604.7670000000003
CC1=CN(C2=CC=CC=C2)C(S)=C(C)N1C1(C)OC=CC(F)=C1C1=C(CS)C(F)=C(N)C(C)=C1N,0.27813589067316674,514.6670000000001
CC(=O)N(C)C1=C(CS)C(OC2=CC=C(Br)C(C3=C(C)C(C)=CC=C3)=C2S)=C(O)C(N(C)C)=C1F,0.27204912103426593,579.5570000000001
CCC(=O)OC1C=C(C(=O)C2(O)C=CNC2)C(C=O)(C2C=C(C)C(=O)CN2)C(F)=C1NC=O,0.27074196378236826,461.4460000000002
Cc1cc(C2=C(O)CC=C2)c(C)c(C2=C(N)C=C3C(F)=C(C(N)=O)NC(F)(c4nc(C)c(O)c(N)n4)C3(F)O2)c1O,0.26783474437709104,570.5280000000004
CC(=O)N1C(C=O)=C(C2=CSC(C)=CN2)C(O)(C2=NC(C3(N)C=CNC=C3N)=CC(N)=C2N)C(F)C1(C)C,0.2675687633735363,542.6410000000002
C=C1C=C(CC)C(N2C(=O)C3(N)CC(F)=CC3(F)C(NC)(C(N)(C#N)OC)C2(O)F)=C(C)C1(C)NC,0.26294350639101916,510.5610000000002
CCC1(N2C=CN(C)CC2)C(C)=CC(C)C(C)=C1C1([SH]=O)C=CCC(C2=C(F)C(Cl)CC(NC)=C2)=C1,0.26267762131948513,532.1690000000002
CC1(C2=CC(N3C=CCNC3(O)CF)=CC(C=O)=C2N2C=C(ON)OC(N)(F)C2=O)CC=CO1,0.262078150001177,479.4400000000003
CC(=O)NC1=C(C(F)(C2=CC=CC=C2)C2(O)C=CNC(N)=C2)N(C2(C)C=CCNC2C)C(O)(F)CO1,0.25978813469155443,503.5500000000003
CC1=CC=CC(S)(C2=C(C3=CC=CC=C3)NC(N)(C3=C(Cl)C(O)(F)C(Br)=C(CF)N3)C=C2C=O)N1C,0.25952524016379963,597.9130000000001
CCC1=CC(C)=CC(CN)(C2=C(C(=O)Cl)N(CO)C(C3=C4C=CC=C4C(CN)C=C3O)=C(OC=O)O2)O1,0.25793005127667024,529.9770000000002
CCOCC1=C(C(C)(C)S)C(C)(F)C(C)=C(N2CCCC(CC)=C2N2C=CC=CO2)C1(F)N1NCC1=O,0.2573805722119213,536.6890000000003
CC1=C(N)C(F)=CCC1OC1=C(F)C(=O)C=C2C(CS)(C(=O)N3CO3)NC(C)N(CO)C21F,0.2551588325110621,488.48800000000017
CC(=O)C1N=C(N2CNNC2=O)C(C2C=C(N)C(C)(C3=CC(C)=CC(S)=C3C=O)CO2)=C(F)C1(CN)N(C)C,0.25477434246937275,559.6680000000001
CC1=C(C2=C(C)C3=CC=C(Br)CC3=CN2CCl)C(C2=C(F)C(O)=CC=C2N2CN2)=C(C)C(C)C1=O,0.2543014094295159,558.8790000000001
COCC(F)N1C(N)NC=C(C2=CCC=C2)C1(F)C1(C=O)C=CC(=O)C(N)=C1C1(C)NCC=C(C)N1,0.25380006892573964,502.5660000000003
CCC1=C(C(C)(CC(N)=O)OC(C)F)C(C)=C(OC(C)C)C(C2=C(N(C)C)C(=O)C3C(=C2F)N3C)=C1C(N)(N)CC,0.2532554453319126,577.717
CC1=CC(C)(CC2=CC(O)=C(O)C3(C#N)C(C)C(O)=C(F)C(CO)(C4=C(C)NC(C)=CN4C)C23S)CC=C1,0.25156176227487764,541.6890000000002
CCOC1=C(C=O)C(N(C2=CCCC=C2)C2=C(C)C=C(C(C)=O)C(C=O)=C2F)=C(CO)C(C2=CC=CCC2)=C1C,0.2506997899732986,543.6350000000002
CNC1=C(F)N(C2(C3=CC=CCC3(C)C3=CCC=C3)OC(O)(CN)C=C(OC)C2N)C(O)=C(N)C1(O)F,0.25018010355037434,521.5650000000003
COC1=C2OC=CC(N)=C2C2(O)NC(C3=C(C)C=CC=C3C3CC(C)NC(S)C3)=C(C(C)=O)C(F)(S)C2(C(N)=O)O1,0.2501613568658033,604.7260000000001
CCC1C=CC(N)=C2C1=C(C)C(C1(N(C)C)OC(C=O)(OC)SC(O)=C1N)=C(F)C2C1CC(C)=C(S)N1,0.2488542452310656,550.7220000000003
CC(=O)N1C(C(O)(S)N2CCN=C2C)=CC(Oc2cc(C)c(C)c(C)c2)(C(O)(F)Cl)C(O)=C1N(C)C,0.24852317387814102,543.0610000000001
CCC1=NC(C)=C(C2=C(C3=CCC(N(C)C)C(=O)O3)C(C3=CC(C)=CCC3)=C(F)N(C)N2C(O)C#CN)C=C1,0.24763812489859469,533.6480000000004
CCON(C1=CC(CC)(CC)C(F)N(C2=CCCC=C2)C1(OC)C1=CNC=CC1)C1CC=CC1,0.24619026495950358,469.6450000000002
CCC1C(CC)N(C2(C)C(O)OC(F)=C(S)N2C2(CC)N=C(NC)C=CN2C)C(F)=C(CNS)N1C,0.24615784523603956,547.7420000000002
CC1=CC(C)(c2ccccc2)C(C2(F)C(NS)=C(Cc3ccncc3N)C(N)C(O)(N3CCC=N3)N2C)C=C1N(C)C,0.24590563408287355,592.7890000000002
CNC(=O)C(C)(N)C1=C(C2=C(F)C(N=O)=C(Cl)C(=O)C2=O)OC(O)(C(=O)N2CC(C)=COC2C)CC1=O,0.24394045429278577,540.8880000000004
CCN1C(N)CC(N)=CC1(CS)C1=C(N)C(F)(S)C(C2(S)C=CC(C3=CC=CC=C3)=CO2)=NC1(N)C1=CC=CCC1,0.24387462355432954,612.8659999999999
CNC1=C(C2=C(O)C(O)=C(N(C)C3=C(C4=CSCO4)C(=C=O)C(=O)C=C3)C=C2F)C(C)(CO)C=C(C)N1C,0.24275593958551475,541.6010000000002
CCC1=C(C2=NN(C)CC=C2N)C(F)N(C2=C(c3cc(O)cc(F)c3)N=C(NC)CN2C)C(C2(C)C=C(N)C3=C(O)CNC3=C2CC#N)=C1F,0.24136069455704318,688.7589999999999
CCCC1(C(CC)=C2C=C(Cl)CC(C3(C=O)NN=C(F)C(=O)N3C(C)(N)N)=C2C)C=C(N)CN(C)C1N,0.24113653095398468,537.0840000000003
COC1=CCC=C(N(C)CO)C1(F)C(N)=C(c1cc(I)c(N(C)C)c(C2=C(C)CC=CN2)c1)C1(C)C=CNC1,0.23861022208160876,647.5770000000001
CC1=CC(S)(c2c(C(=O)O)cnc(-c3ncc(S)cc3C(=O)O)c2F)N(C2=CC=C(C3CCC=N3)CC2=O)C(O)C1C,0.2382501147045877,610.6890000000002
CCC1=C(OCC(=O)O)C=C(C2OC(F)=CC(C)=C2C2=C(C)C(C3(N4C(CC)N4C)CC(=O)NCO3)=C(C)C=C2N)C=C1N,0.2378681636567476,609.6990000000001
CNC1=C(C)COC(OC)(N(C)C2(N(C)C(F)(N3C=CSC=N3)N3CC(C)CC=C3O)C(C)=C(C)C(C)=C(F)C2CO)C1C,0.23683118998544878,638.8260000000002
CNCC1=C(F)OC(S)(C2(S)C=C(F)C(C)(C)C=C2C)N(C(=O)OC2(OC)C=CCC(O)=C2)N1C,0.23633790255943743,531.6470000000003
CN1C(C(N)O)=CCOC1(N)NC(=O)C1=C(C2=C(N)OC=CS2=O)C(C#N)=C(F)C(Cl)=C1C1=CC=C(C2(O)C=CC=N2)C=N1,0.23571825613687747,643.0570000000001
CCC1=C(O)C(Cl)(C2=C(F)C(C(Cl)(OC)C3(O)C=C(C)C=C(C)N3)=C(O)C(Cl)=C2C2=CCC(C)O2)C(N)=C(N)O1,0.23497459845245336,618.917
CNC1=C(C)C(C)=C(C2=C([SH]=O)C(N3CC=CN(C)C3)=CC(F)(N(C)C#N)N2C)C(C2=C(C)C=CC=C2C)=C1,0.23212189456237994,548.7320000000002
CCC1=C(O)N(CC2=C(CO)C(C)=C(F)OC2(C2=C(CC)C(=O)CC(N)=C2F)C(N)(C2(F)C=CC(C)=CO2)C(C)(N)C(C)=O)CC1,0.23195989050321345,648.7230000000001
CC1=CC(C)CC(C2(C=O)OC(F)=C(C3=C(C)C(F)=CC(=O)C3C=O)C(C3(CN4CCC=C4O)C=CC=C([SH]=O)C3=O)C2=O)=C1,0.23068590215899024,639.6730000000003
CC1=C(C2=NC(O)SC=C2)C(O)(Cl)N(C)C(C2=C(C(N)=O)C(C(C)O)=C(F)C(C(=O)O)=C2F)=C1CO,0.228949070911731,545.9480000000003
C=C1C=C(CC)CCC1(C)C1=C(C2(C(=O)O)C(C3(N)C=CC=C3)OC=CN2C#N)C(OC)C(F)=C([SH]=O)N1C=O,0.2277579303931924,570.6430000000001
CC1=C(C)C(C)CC(C)(C2(S)C(C3=NN(C)NNC3)(C3=C(C)C(C)NNC3)N=C(F)C(C)(C3=CCC=C3)C2(C)C)C1,0.2204461737017348,583.8660000000002
CCCC1(C)C=NN=C(C2(C(=O)N(C3C=CC=C(C)C3)C3(OC)C=CCC3)C(C3=CC=CC=C3)=C(F)C=CC2(C)OC)C1,0.21979485578127003,585.7640000000002
CCN(C)C1=C(C2(C3=C(N)C=CC=C3S)C=C3CC=CC(N)=C3C(C)=C2N)NNC(Cl)=C1F,0.21963783708365797,487.04800000000023
CC1(C2=C(F)OC(CNS)N=C2N2C(=O)C3C=CC=CN3C(F)=C2C2(Br)C=CNC2)C=CC=C(c2ccccc2)N1,0.21838245345066043,641.5420000000001
CNC1(C2(S)CC=CC2)C(=O)C(F)=C(Cl)C(Br)=C1C(O)(c1cccc(C2=NC=C(O)CC2)c1)N1C=C(C)C=CC1,0.2180424647692374,647.0099999999999
CC1=CC=CC(C2(C3=C(N)C(C4CC4)(N4C=CC=C(C)C4)C(F)=CC3=O)C=C(C=C(C)C=N)C=CC2(N)S)=C1,0.21738695723060225,542.7240000000003
CC1=CC=C(N)C(C(=O)C2(F)OC(C(C)(Cl)C=O)=C(F)SC2=O)(C2(C)C(C)=CC=NN2C(=O)C2=CNC=CN2)N1C=O,0.2168343693455086,623.0380000000002
CC1C(N)=C(C(=O)C2=C(F)OC(=O)CC2=O)N2C(C(F)=CCC2(CN)C2(O)C=CC=CN2)C1N1CC=CC=N1,0.2156338641629023,542.5430000000001
CN1CC=CC(C=O)C1(F)c1c(CO)c(S)c(F)c(C(=O)C2=CC=CC2)c1C1=CC=COC1,0.21556788045255673,471.52500000000026
CC1=C(C(C)N)C(C=O)=C(C2(C3=CC(F)=C(N)C=C3)C(F)=C(N)NC(=O)C2(N)C(=O)O)C=C1,0.21546279573456578,459.4530000000002
CC1=C2C=C(C3(C4=CCCC4)C(O)=C(C)C(C(C)(F)C4=NC=C(O)N(C)C4NS)=C(C)C3F)OC=C2CCC1,0.21403920588898173,557.7069999999999
CC(=O)N(C=O)C1(F)C(CC(=O)F)=C(F)C(C2=C3OCC=C3C(C=O)(CC=O)C=C2C(=O)O)=CC1COC=O,0.21379954685981908,551.4260000000004
CNC1=CC(C(=O)O)(C2=C(OC3(Cl)C=CSC3)CC(C)=C(F)C2C2(O)C=CC=CS2)C(C)C(C)(S)C1C,0.21302412079258312,586.2160000000002
CC1OC(C(Br)(C2(C)NC=CN2)C2(F)C(NCC=O)=CC(Cl)=C(F)C2Cl)=CC(=O)N1C(N)CN,0.2122100400073809,586.2649999999999
CC1=CC(C)(N(C)C2(C3=C(N4C=CC=C(C)C4)N(C)C(=C(O)S)S(=O)C3(F)S)C=C(C)OC(CN)=C2)CC1,0.2117255522358056,580.8169999999999
CC1=CNC(=C(O)C2=CNC(C3(N)C=NC=C(C)N3C)=C(C(N)=O)C2(F)C2=C(N)C(C)=C(N)C=C2N)O1,0.21065319170591223,511.56200000000035
C#CCN(C)C(=O)N1C(F)=C(C2(C3CC(CC)C=CC3=O)C=CCO2)C(N)=C2C1=C(C)C(CN)=C(C)C2(C=O)OC,0.21057159348394663,564.6580000000005
CC1=C(CO)C(C2=C(N)N(C)CC=C2)(C2(F)C=C(C3CN3)C(O)C(C)=C2C=O)CC(N(C)C)=C1N,0.20935134027402597,485.60400000000027
C=C1C=CNN1C1=C(N2N=C(OCN)C(N)(C3(N)NC=CC=C3C)CC2=O)C(F)(C(C)=O)C(Cl)=C(F)N1,0.20928286841056443,537.9590000000002
CCC1=CC(C(C)=O)(C2=C(Br)C(C#CCO)=C(F)C(C3=CS(=O)CC3)(N(C=O)CF)C2F)C(C)=C(C2=C(C)C(=O)C(C)=NC2C)N1C,0.20873911185500904,736.651
CC(=O)N(C)C1=C(N(C)C2=CCC=CC2)C(C2=CC(C=O)=C(C3=C(F)C=COC3C)N=C2OC2=CNC=C2)=CC(Cl)=C1F,0.20843022635688824,607.0570000000002
CC1=C(c2ccncc2)N(C)CCC1C1(F)C(O)=C(O)C(C2NC(N(C)CN)=CC=C2N)C([SH]=O)=C1C1=COCC1,0.20839251535818365,584.718
CCN(C)C1=CC(C2CC(C3=CCC=C(C)C3)=CC(C3(F)N(C)N=C(F)C(C4=CC=CCN4)[SH]3C)=C2C)NCC1,0.2083759832506063,569.81
C=C1OC(C(C)=O)=C(C(C)O)C(F)=C1N(C)C1=C(C=O)C(F)C(CC)(C2=CC=CC2)C(N)=C1C1(N=O)C=CCC=C1C,0.20778368326707322,579.6440000000002
C=C(C)N1C=CC(O)=CC1(OC)C1=C(F)C(S)=C(C2=CC(N)=C3COC3=C2)C(=O)C1(CC1=CC(C)C=C(O)N1C)SC(C)=O,0.20765682868857363,639.7710000000003
CC(=O)C(=O)C1(C)C(N)=C(F)OC(S)C1(C)C1(N(S)C23C(=CC(S)=CC2C)C=CN=C3S)CO1,0.20726544817725456,543.7330000000001
CCCC1=CCN(CC)C=C1C1=C(S)C(N2C=C3SC3(C)C(C(C)=O)=C2CC)=C(C)C(F)(OCN)C1,0.20664154585623204,531.7630000000003
CC1=CC(N)N(c2c(F)c(N)c(F)c(C3NC(N)=C(c4nc(F)ncc4N)C(C=O)=C3C)c2N2C=CCC2)C(C)=C1,0.20643079179949883,565.6040000000002
C=CC(F)(SC1(N)C=C(C2(C)C=C(C)C=CO2)C(C)=CC1(O)O)C1=C(F)C(OC)=C(F)C(C(=O)Cl)=C1Br,0.20595131547482912,622.8870000000003
C=C1C=CC=CC1(C)NC1(C2=C(N3C=NNCC3)C(C3(N4C=CCCC4)CN(CCl)C(C)=C(C)O3)=C(OC)C(F)=C2)NNC(N)=CO1,0.20579323096310803,668.2180000000002
C=NC1=C(C2=C(C)C(F)=C(C3(C4=C(C)CCCC4)C=CC=CO3)C(ON)(C3=CCC=CC3)C2=O)C=C(NC)C(C)=C1,0.2057377828418183,555.6940000000002
COC(F)(C(C)(O)N(C1OCC=CN1C)C1(C)C=CCC1)C1(Cl)C(C)C(=O)C(F)=C(C2=CCC(O)=C(O)N2C)C1(C)C,0.2047354783184455,614.1300000000002
CC1=COC=CC1(CC#N)C1=C(N)C(F)=C(N2C=CCCC2=CF)C([SH](=O)=O)=C1C1=C(N)C(C2CC(C)NC(=O)N2)=CNC1,0.20409141153081592,625.7020000000002
COC1=C(N)C=C(NC2(Cl)C=CC(F)(N3C=CC=C(Br)N3C)C(C3=CC=CCC3)=C2)C(C)=C1,0.2017941577953311,533.8730000000003
CCNC(C)(CF)C12C=CC=CC1(OC)C(N)C(F)(N(C)C(C)(C#N)C1=NNCC=C1)C(N1C(=O)C(O)=CC(N)C1O)=C2,0.2015436760975085,602.6870000000004
COc1cc(C)cc(N2C=COC(F)(C3(C4CC=NC4)CC(c4ccc(N)c(OC)c4)=C(C)C(C)=C3Br)C2Cl)c1,0.2007887162695844,630.9860000000003
CCC1=CC=NN(C23C=C(N(C)OC)N(CN4C=CC=NC4)C(F)=C2C(CN)=C(C2C=CC=CC2C)C(=O)C3C2(O)C=CCN2)C1,0.20062528082443132,630.7690000000001
CCCC1C=C(C23SC(C)=NC2(F)N=C(N2C(N)=C(NC(N)N)C(F)=CC2S)C(C)=C3F)C(C)=NC1=O,0.19943918738337732,554.6680000000001
CC1=CC=CC2(C3(O)C=CNC=C3)N(C=O)C(C(=O)S)(C3=NCCC3)C(C(=O)N3CCNCN3)=C(N)C12F,0.19715611926580046,543.6250000000003
CC1=CC(C2(C3=CC=CC=C3)NN=C(F)C(N)=C2OC2=C(C)SC3(C=O)C=C(N)C=NC3(F)N2C)=CC(N)(O)S1,0.19638305062791034,587.6780000000002
COCC1=C(F)C(C2=C(O)C(N)(CF)C(N3C=CC=CC3)=C(C3(OC)C=CNC3)[SH]2C)=C(N2C=CC=CC2)C(O)N1C=O,0.19616066668634521,617.7190000000003
CC(=O)C(=O)C1=C(C)C(Cl)=C(Br)C(F)(N(C2CN2)C2(N3C=CC(C)=C(C)C3F)CC(C)=C(N)C(CO)=N2)N1,0.19531380837512663,615.9069999999999
COC(=O)C1=C(C2=CCCC2)OC(C(C)=O)(C2=CC=C(C3=CNCC=C3)C(F)(OC3=C(N)CC(C)=C(N)N3C)N2CN)C(N)=C1C,0.19425947156098408,635.7409999999999
CC1=CC=C(C2=C(C3=CC(=O)CC(=O)N3C#N)C(OCO)(C3=CN(C)CC3)C(N(C)C#N)=C(F)C2=O)C2OC(O)C=CN12,0.19406194133344362,590.5680000000003
COC1=CC(C2=C(C3=CCC=C(S)N3)CC=C(N)N2C2C=CC=C2)(N2C=CC(C)C(O)=C2)C(C2=CC=CNC2)=C(S)C1(F)[SH]=O,0.19352664562462316,665.8820000000002
CNC1=C(N2C=CCC(C3=C(C)C(=O)C(N)(O)C(N)(F)N3C3(CN(C)C)C=CC(C)=CO3)=C2)CCN1S,0.19311354355828195,533.6740000000003
CCCC1=CC(c2c(S)c(N)c(CF)c(S)c2COC)=C(O)C(OC)(C2=CC3=CCSC3(C)N(C)N2C)C1(O)F,0.1918882864915125,613.8180000000002
CCC(OC)([SH]=O)C1=C(S)C=C(C)C(C2=C(CO)C(N3CC4CCC=C4C=C3C)=C(C(C)(N)O)C(F)=C2O)=C1C,0.19072976143614362,590.7830000000004
CNC1=CC(N)=C(CO)C=C1C1=C(C2=CN=C(C)C(C)=C2C2CN2)C(F)=C(N)C(C)(C2(O)C=C(N)C=C(O)C2)N1,0.19023066361204843,549.6510000000003
COC1(C2=C(C(N)O)C(F)=C(OC3=CC=CC(C)=N3)C(C)=C2C(=O)O)C(=O)NC(=O)C(N)=C1C1=C(O)CC=CN1,0.18964636855395312,555.5190000000002
CCC1=C(C)C(C(C)=O)(C2(C3=C(S)C=C(F)CN3C(N)(NC=O)OC)CSC(O)=CO2)NC=C1,0.1891601329232235,512.6290000000002
C=C1NCC(C)=C(C(=CN)C2(C3=NCC(C)=C(N)N3)C(C)=C(F)C(C(=O)c3c(N)ccc(C)c3C3=CCCC3)=C(O)N2C)N1,0.1886448368226147,600.7430000000002
CC1=C(F)OC(Nc2ccccc2C)(C(C)(NC(N)O)N(C)c2cc(CF)ccc2C2C=NC3=CCCC3(C)C2)N(S)C1=O,0.18827542175456155,626.7740000000002
C=CC(N)N1C2=C(C)CNC2(CC)C(C(O)F)=C(c2c(OC)cc(C3=CCC(C=S)=C(C)S3)c(F)c2C(C)CN)C1N,0.1864034663541061,617.832
CC1=CC(C2=NN(S)C=CN2)=C(C)OC1(Br)C(N)(F)C1=C(C)C(N)C(C2=CNC=CN2)C=C1,0.18623401190669733,536.4750000000003
COC1=C(O)C(Br)=C(OC#N)C2(C3=CC(F)=C(C(=O)S)C(O)=C3C3=CCC=CC3)OC12CO,0.18610126242577849,538.3470000000003
CN1C=C(N)CC2CN(C3=C(OC=O)C(Br)C4=C(CC5CC=CN5)N5C(=NCN)OC=CC5(O)C(=O)C4(F)O3)CNC21,0.18587793515136405,651.4940000000003
CCC1=CC=CN2C(C3(C)C=CC(O)=C3)=C(N)C=C(NCN)C12C1=C(C)C([SH]=O)=C(F)C(F)=C1C1=C(C)C(CN)=CC=C1,0.18523486779790957,605.7550000000001
CCOC(NC(C)=O)(C1(C=O)OCC=C1O)C1(F)C(S)=CN(C2(O)C=NC(C)=CC2=O)C(O)=C1Cl,0.18519626936221198,531.9460000000003
CCN1CCC(C)N2C(C3(F)C(C)(CC)C(C)=CC4(C(NC)[SH]=O)CC(C)=COC43F)=C(C)N(C=O)C(C)(F)C12C,0.18447062228448677,600.7920000000001
CC(=O)N1CC=CN(C(S)(C2OC=CO2)C2(N)OC(F)=C(N3N=C(C)C(Br)C(F)=C3C)N(C)C2(N)F)C1(C)F,0.18407937234434718,642.4739999999999
CCCN(C)C1(N(C)C2=C(Cl)C(C)(Cl)C(C3(CF)C=NN(C)C=N3)(C3(C)C(C)=CCC(C)N3C)C(F)=C2F)OC=CO1,0.18352515071674674,633.5870000000003
CCCCC(N)C(N)(C(=O)F)C1=C(C2(C(C)=O)COC(C(N)=O)=C(NCC)S2)C(N(C)CC)=C(O)C(N(C)CC)=C1F,0.1833748092105405,614.7600000000001
COC1=CN=CN(C)C1(CC(C)C)c1c(F)c(NC=O)c(C=O)c(N)c1N(C=O)C1(N)C2=CCSC2=C(C)N=C1O,0.1826517636477779,585.6620000000001
CN(C=O)C1=C(C2(C(C)(C)C3C=CC(=O)C(=O)O3)OC(C3=CC=CC3)=CC=C2C#N)C(N)(C#N)N(C)C(O)(F)N1,0.1826039299997032,550.5470000000004
CCC1(C2=CCOC=C2)N(C2=C(C)CC(O)=CC2)C(C2=CC(C)=CC(N)=C2)=C(F)N(C)C1(N)OC1=C(O)C(N)=CC=N1,0.1816087604455852,576.6730000000001
CCC1=CC(C)=CN(C(C)=O)C1C1=C(F)C(C2=NN(CN)C(S)(ON)C=C2)=C(OC=O)C(S)=C1C#N,0.1813709721542289,532.6230000000002
C=CN1CC=CC(CC(C(=O)C(OCC)(C(C)O)N2CC=CC2)C(S)(CC)C2=C(CC)C(CN)N=CC2(F)S)=N1,0.1809526527819261,593.8350000000004
CCCC1(C)N(C)C(N=O)(C2=C(C(=O)NC)C(C)(CC)C(C)(C)C(F)(C(C)(F)OC(C)OC)N2C)N1C=O,0.1806310601382063,545.6720000000003
C#CC1=C(CN)C(C(=O)C=O)=C(N2C=C(OC)NCC2=O)NC1=C(C1=CCC=C(C)O1)C1=C(F)C(C)=C(S(C)=O)ON1,0.18032397005556883,597.6250000000003
CCC1=CC=CCN1C1=C(C(=O)C2=C(C)C(C)=CC=C2C)OC(F)(C2(N3CC(Br)=C(C=O)CC3C)OCCC(O)(Cl)S2)C(Cl)=N1,0.17995612694928872,743.5229999999999
C=C[SH]1C(C)(C2=NCCN2)OC([SH]=O)=CC1(OC)C1=C(c2ccc(CCC)c(N)c2C=O)OC(F)C(N(C)C)C1=O,0.1798065152780446,608.7580000000004
CC1=CC=C(C2=C(C3(C=O)CCC=C3N)C(F)(S)C(C3=C(C)C=CC(O)(Cl)S3)=C(O)N2C)C(C=O)(CO)C1,0.1790593569913085,581.1310000000002
Cc1c(C2=C(S)C(CO)=CCN2)ccc(C2=C(F)OC(C3=CNCC3)(N(C)C3(C)C=CC(C)C=C3)C(N3C=CCCN3)=C2C#N)c1O,0.17796256645523173,656.8280000000001
CC1=CC=C(O)C(=O)C1(C1=C(O)CC=CN1)C1=C(C)C(C2(C(=O)NC=O)C=CC=C(C(O)Cl)S2)=C(F)N(C)C1C,0.1777355373581477,590.0730000000001
COC1(F)C(=O)C(CC2(N(C)C3NC3C)C=CC(C)NC2)=C(C2=CCC(O)=CC2O)C(C)(C)N1C=O,0.17771955925993194,504.60300000000035
COC1=CC(C2=C(C)C(=O)C(C3=CC=CC(S)C3)C(=O)O2)=CC(O)(OC)C1(F)C1=CC=C(O)C(N2C=CNC2)=C1,0.17732031802451986,568.6230000000003
CNC1=CNC=C(C2=C(C3=CCCC3)C(=O)C(c3c(O)c(Cl)c(F)c(Cl)c3C3=NCC(C=O)=C(C(C)O)S3)=CC2=O)S1,0.17694170307391133,648.5650000000003
CCC1=C(N)C(C)(O)N(C2=CCC=C(N)N2C2=CC(O)CC2)C2(F)OC(C(C)=O)=C(C(=O)C3(SC)NC=C(N)CC3N)C(N)=C12,0.17622959249233455,644.7739999999999
CC1OC(O)(C2(N)NCC(CO)=CO2)NC(F)=C1C(O)N(C)C1=C2C(=O)CC2=NCN1,0.175928665516481,440.43200000000024
CC1=C(C2=CN(C3(F)C(N4CC=CN4)=C(C)C(C)=C(Cl)C3(C)N)C(CS)NC2(N)C(=O)C(N)=O)C=CC=C1,0.17506695893318405,562.1150000000002
C=C(S)C1=C(C(Br)C2(C)NNC2O)C(N2C(CCCC)=C(N)C(C)=CC2O)=C([SH]=O)C(F)=C1O,0.17500899831373726,577.5420000000004
CC1=CC(N(C2=CC=CC=N2)C2=C(N)C(F)=C(S)C(O)=C2OC2=NCC=C[SH]2N)=C(C)C(N)=C1,0.17495719372104032,500.6250000000002
CNC1=CN(C2=CC=C(S)C(F)N2O)C(F)(C2=C(O)C(C3=CC=CC3)C=C(N)C2(N)C=O)C(C2=CC=CC=C2)=C1,0.174563955336563,565.6460000000003
CCC1=C(C)C(O)C=C(c2c(O)c(F)nc(C3=CN(C)C=C(C)C3)c2C2(N(C)C)CC(SN)C(C)N(C3CC=CS3)C2C)C1,0.17377806034903548,641.9230000000001
CCC1=C(C2(C(C)C)CC(C)(CO)C=C(NC)O2)C(F)=C(C#N)CC1(CN)C(F)(ON)C1(Cl)C=CCC2C1=CCN2C,0.1724434849757216,608.174
CC1=C(C2=C(Cl)C(C)(C)C(C)(CS(C)=O)C(N(C3=CC=CNC3)C3(Cl)NC=CO3)=C2F)N(C)C(O)(F)N(N)C1O,0.17136310202021934,623.5540000000002
CCC1=C(F)N=C(N)C(N2N=C(C3=CCCC=C3)C(NC)C(N)(C=O)C2CN)=C1NC(=O)Cl,0.1696294111277503,478.96000000000015
CCC1(N)C(C2=CCCC2)C=CC(C2=CC(C)(C)N(C(F)([SH]=O)C(=O)O)C(C3(S)CC=CN=C3C)=C2S)N1C,0.1690908015476286,594.844
CC1=C(C)C(N)(C2=CNC(C3=CNCCO3)=CN2C)N=C(C2(F)C(=S)N=CC(O)=C2NC(N)=O)C1C(=O)CN,0.16867288548114612,559.628
CC1=C(C)C(C2(N)C(O)=C(NC3(N)C=CC(C)(N)C(=O)N3C)NC(C3=C(C)C(C=O)=C(C)C(=O)C3F)=C2Cl)=C(C)C=C1,0.16848104420760007,599.1070000000003
COC1C(O)=C(O)C(=O)N(C2=C(F)CC(N)(C3(F)C=C(O)NC(N)(C4(N)C=CNC4)O3)C=C2C(N)=O)C1(C=O)c1ccccc1C,0.1677068410869948,645.6200000000001
CNC(O)C(C)(C(O)C(=O)C1C=C(Br)CCN1)C1(F)CN(CS)C(C2=C(C)OC(C)=CN2)=C(O)O1,0.16727355882346875,579.4890000000004
CNC1(C2(C3=CNC=C(CN)N3)OC(F)=NC(N)=C2C2=C(C3=C(C)CC(=O)N=N3)NC(C)=C(N)C2(N)N)CC=CNC1,0.16722530514095318,581.6610000000002
CCC1(C2=C(C)C(C)=CC(C)=C2)C(C2CO2)=C(N)C(F)=C(C2=C(Br)C(C)=CC(N)=C2)C1(O)C1(C)C(C)=CC(C)=C(C)N1CF,0.16565266615172902,668.6669999999998
CCN(C)C(C)(S)C1=CC(N)C(F)(C(=O)C2(O)CN(C)C(C(C)(F)C3=NC=CN3)=CS2)C(C(=O)C(C)=O)=C1O,0.1650711910258261,585.6990000000002
CCN(C(C)=O)C1=CC=C(C2(Cl)C=CC=C2)N(COC)C1(CC)C1=C(S)C(C)=CC(F)(C2=CC(C)(O)C(C)(C=O)C(CN)=C2)O1,0.16481946700236766,660.2520000000002
CC1NC(O)OC(C2=C(N)OC(S)C(F)(Br)C2=O)=C1C1=C(Br)C(=O)C(N)(C2=C(O)CC(N)=CO2)C(F)(C#N)C1C,0.16347041904058154,711.3359999999998
CCC1(N(S)C23CC(N)=C(C)N(C)C2(F)ON=CN3C)C(C#CO)=C(C=O)C(=O)C(F)=C1C1C=CC=C1,0.1631346224714104,531.5850000000003
CCC1=CC(C)=C(C2=CCC(Cl)(C3=C(F)N=C(Br)C(CNC)=C3N3CCC3)C(C)=C2S)C=C1N,0.16217013335084993,565.9840000000002
CCC1=C(C=O)C(N=O)C(C2=CCOC2)=C(c2c(F)c(N(C=O)c3c(C)cc(O)c(C)c3Br)c(S)c(O)c2N(C)C=O)C1,0.16112557671211686,674.5450000000001
CC#CC1(C2C(C(N)=O)=C(F)C([SH]=C(C)C(C)OC)=C(C=O)C2(C)SC=O)NC=CC=C1CS,0.16030091570767893,524.7050000000003
CC1=C(C2=C(OC3=CC=C(N)C=C3)C(N)=C(F)C(S)=C2C(=O)N2C=COC2)C=C(O)C(O)(CO)C1(N)O,0.15888043955036193,532.5500000000002
CCN(C)CS1(CO)C(S)=C(C2=C(N)N(C3=CCC(C)=C(C)N3)C(=O)N(C=O)C2O)CC(F)=C1C(=O)C=O,0.15828198073148256,569.6810000000004
CCNC1(O)NC(=O)C=C(c2c(C(=O)N[SH]=O)c(C3(O)C=CSC3)c(F)c(F)c2C2(C)C=C(N)C(C)=C(Cl)O2)N1C(=O)CC,0.15767302388184037,674.148
CC(N)N1C(O)=C(CC2(C(=O)Cl)OC3=CC(=O)CN3C=C2N)N(CO)C(C)(CN)C1(F)S(N)=O,0.157671029595101,523.9750000000003
CC1=C(F)C(C)=C([SH](C)C2=C(C3=NC=C4CCCC=C4N3C)C(=O)C(=O)C(CN(C)COCO)=C2CN)C(C)(C#N)O1,0.15765629262097844,599.7290000000002
CC1=CC(C(N)N2N=C(C)CC(C3(O)SC(=S)N(C)C(F)(C4(S)OC=CNC4N)C3C3=C(C)C(C)=C(C)C(O)=N3)=N2)=CCC1,0.1558015504189107,662.8829999999999
CCC1=C(C)C(C2=C(N)C(N)=C(O)C=N2)(C2=C(C3=COC=CN3)C(C)=C(S)C(NS)(C3=C(O)NC(F)=C(N)N3)N2C)NC=C1O,0.15569755127233317,658.786
CCC1=C(C)NC(C)CN1C1=C(C2=C(N)N=CC2)C(C#N)(OC2=NC(Br)(C(=O)F)C=C(N3C=CCCC3)C2(C)C=O)NC=C1C,0.15521177844799644,681.6109999999999
CNOC1(F)S(=O)C(C#N)=C(N(C)C2=C(N)CC(N(C)C=O)CC2C2=C(N=O)CC(C)=C(N3C=CCC3)N2)C(C)(CC(C)=O)C1(C)C=O,0.15486673382179664,686.811
COC1=C(C=O)C(N2C(C)=CC(C3=CCCC=C3)C(=O)C2(N)C2=CC(C)=CC=C2C(C)=O)=CC(C2=C(N)C(C=O)=C(Cl)C=C2)=C1F,0.1546732676898006,642.1270000000004
CCC1=C(NC)C2(NC3(F)CN=C(N)C(F)(C4C=CC=CC4O)N3)C=CCC=C2C(C(O)CO)=C1C1=NNOC=C1,0.1528363606053031,571.6290000000001
CNC(NCN)C1=C(N)C(F)(N(c2cccc(Cl)c2)C2(NC)C=C(O)C=CC2)C(C)=C(C2(C)C=C(C)OC2)C1,0.15248362552890116,559.1300000000001
CCCC1(C)C(C2=CCCC2(C)C2=CCC(Cl)NC2N)(c2ccccc2)C(CC)C(C)(F)C2(C(=O)CC)C=CC(C)=C(C)C12O,0.15173209747086908,637.3240000000001
CC=C1C=CC(C2CCC2)=C(C2(N3C(C)=CC(C)(C4=NC=C(C)SC4O)C=C3F)C=C(C(N)N(C=O)C(=O)O)C=CN2C)C1=O,0.15133558545668477,635.7620000000002
NC1=C(C2(N)OC(F)=C(OC=O)N(S)C2(O)C2CC(=O)C=CO2)N(S)C(C2=CCNC(=O)N2)=CC1(F)C=O,0.15055784749499518,574.5440000000003
CCC1=CN=C(C2=CC=CC=C2)C(C2=C(S)C(N)=C(C)C(F)(N(C(=O)C=O)C3(O)C=CN=CN3)S2)=C1,0.15010581216958896,525.6310000000001
CNC=C(C1=C(C(C)C(C)C2=CCC=C2O)C(O)NC(=O)N1C(N)(C1=C(F)C(C)C(N)=C(F)N1C)C(C)N)C(C)S,0.1488480420899925,595.7610000000002
CNC1=C(C2=CCCC2)C(C)(C2=C(C(=O)CCl)C(C3=C(NC)NC(F)=NN3)(C(F)C=O)C=CN2C#N)CC=C1,0.14749642302968,558.033
CC1=C(C=O)C(C)=C(C2(S)C(Br)=C(C=O)NC(F)(C3(Cl)C=C(O)C(C4=CC(C)NC=C4F)=NC3)C2(C)F)C=C1,0.14412868844750812,644.9410000000001
CNC1=C(NC2=CCC=CC2)C(F)=C(C2=C(O)C=C(C3=NC(C)=C(C)C=C3)C=N2)C(N(C)C(C)(N)O)=C1C1=CNC=CN1,0.14302407823451485,584.7000000000003
CCNc1c(C(N)(CCF)C2(S)C(F)=NNC(C(=O)O)=C2F)cc(C)c(C2=CCC(NC=O)N2)c1-c1cccc(O)c1,0.14280295617638483,604.6550000000003
CC1=NN(C=N)CC(N2C(OC3=CC=CC=C3)=C(F)OC(C3=CN=CC(F)=C3N(O)C3CO3)=C2C(C)(F)S)O1,0.1427772010672039,564.5460000000004
CCN(CF)C1=C(C2=C(C)CC(C)C(F)(CN)C2N)C(OC=O)=C(N)N(C2=NCCN2C)C1(F)NC(=O)OC(C)(C)N,0.14272363359308424,601.6750000000001
C=CC1C=C(OC)N(C2=C(C)C(N)(N)C(C3=CCOC3)(C3=CN(C)C(C=O)=C(F)C3(NC)NC)C(O)=C2)C(N)C1,0.1426910945531956,557.671
CC1=CC(NC23CC(C(C)F)=CSC2(C(C)(C(N)=O)C(N)(N)CC=O)C(F)=C(O)C(N=O)=C3N)=CN1,0.14219725508683842,525.5820000000003
CC(=O)C1=C(C2N=CC=C(N)O2)C(C(N)=O)=CC(N)(C2=C(c3ncc(C4(O)C=CNC4)cn3)C(N)C(=O)C(N)=C2NS)O1,0.14158877766379208,608.6410000000002
CC1=CN(C2=NC(C3=CC(F)=C(N)C=C3)(C3=C(S)OC(N)(F)C(C)C3=O)C(NS)=C(O)C2(C)C=O)C=CC1,0.14144753737958632,563.6520000000002
CC1=C(C)C(C2=C(N)C(C(C)(S)C(=O)N3C=NCC3)C(c3c(C)c(C=O)c(O)c(C)c3N)=C(F)C2=N)(N(C)C)C=CC1C,0.14036273598089916,608.7840000000003
CNC1(N(C)c2c(F)c(N(C=O)N3C=NN(C4C=CCN4C)C(N)C3)c(Br)c(F)c2OC(C)=C(C)C)C=CC=CC1,0.1392057739419716,635.5580000000001
CCOc1c(C)c(C)c(C2(C)C=CN3CC=CC3(C)C2O)c(O)c1N1C(F)=C(c2cccc(F)c2)C=C(CO)C1(O)S,0.13865457334032802,598.7120000000002
CNCOC1(C2=C(C)C(OC=O)(C3C(N)=CC(C)=CC3C)C3=CC=C(C)C3=C2OC)C(O)=C(F)C(C)N(C)C1(Cl)CCl,0.1383899661052602,624.581
CCN1N=C(F)NC2(C(O)(Cl)C(N)(CF)C(C)N)N=C(C3=C4NC4=CC(C)=C3)C=CC12OC1CCC(N)=NN1,0.13799586048289655,567.0450000000002
CC1=C(N)C(N)(N2C=C(S)C(C3=C(C)C(N)=C(C(C)F)C(C)N3C)=C(C3=C4CCC=C4N=CN3)C2(F)Br)C(C)=C(O)C1,0.13787349494993825,662.6490000000001
COC1=C(C2=C(F)C(C3=C(C)C(O)C=CC3OC3=C(C)C(=O)CC(N)(Cl)C3S)=CC=C2F)C(C)=CN(C2([SH]=O)C=C(F)N(C(C)=O)CN2C)C1C,0.13625637522928824,769.308
CONC1=C(O)C(C(=O)C2=C(C)C(N)=CNC2(C)C(C)C(N)(F)CC#N)(C2=C(NC3=CCCC3C)NC(C)OC2)C(F)=C(C)C1=O,0.13597061503068628,643.7360000000002
C=CNC1=C(O)C2N(C)C(C)(N(N)C3=C(O)C(C)C(C)=CC3)OC(=O)C2(N2C=CC=C(C)C2)C(C=O)=C1F,0.13441913312663,527.5970000000003
CCC1=C(C2=C(F)C(N(N)C3(F)C=CN=C3)=C(C(C)(N)OC)C=C2C)C=C(N)C(O)=C1C,0.13432240927592928,445.51400000000024
CNC1(Cl)C=C(C)C(NC)(C2=C(N)C(O)=C(N3CC(C)(N)C(=O)C(C4=CSC(C)=CC4C)=C3C)N=C2F)C(OC)=C1C,0.133926563576656,619.2070000000002
CC1=C(C2=CCC=N2)C=C(C(=O)C2=C(N3C(=O)CN(C=O)C(N)=C3N)C(O)(C=S)N(C)N=C2F)C(S)(C(=O)N(C)C)N1,0.1338584275800715,617.6890000000001
CCN1C(C2(C3=C(N(CO)C(C)N)C(ON)=C(Cl)C(F)=C3F)OC(=O)N2C)=C(N(C)C)C(C)(N(C)N)C(=O)N1C,0.133401174391911,592.048
CCNC1=C(C)C(C2=CCC(C)(O)C(N)(N)C2(O)NC)(N2C=CCCC2)C(Br)=C(N)C1(F)C(=O)OC,0.13300918395070702,573.5080000000002
C=C(Oc1ccccc1)C(=O)c1c(C)ccc(N)c1C(C)(N)C1(N2CC=CC2)C(F)=C(F)OC(=O)S1(=O)=O,0.13275944831782782,545.5640000000003
COC1=C(C(=O)F)C(C2=C(N)C(N)(C3=CC(N)(C4=C(Br)C=CN4)C(C)=C(N)N3)C(F)=C(O)N2S)=C(F)C(S)=C1F,0.13182645606125068,664.5050000000001
CCN(C)C1=NC(O)(F)C(N)(N2C=CCC(C(C)N)(N(C)S)N2)C(CC)(C(=O)C2=C(O)C(C)C=CC2O)S1,0.1317984672481493,573.7610000000003
COC12C(CO)=C(N)CSC1(CF)C(C1=NC(N)=C(S)C(=O)C1(N)CN)=C(N1C=CC=CC1)C(F)=C2NCO,0.13071817410391465,583.6870000000002
CCNC1=CC(C2(F)C=CC(C=O)=C(C)N2)=C(C(N)O)C(F)(OC2=CCC=C2)C1(CC)N1CCC=C(S)C1,0.13055828861387483,546.6840000000003
CCc1c(C)cc(N2CC(OC=O)=C(C)C(C3(F)C(C4=NCCO4)=C(O)N(C)C(Br)=C3C(=O)N(CN)CO)C2=O)c(C)c1N,0.13037413266981596,679.5439999999999
CC1(N2C(=O)C=C(c3c(F)cc(Cl)c(F)c3O)N(c3cc(CO)cc(N)c3N)C2(O)NC2=CCN=CC2)C=CCC1,0.13001903744697094,587.027
COC1=NC(F)=C(N(C(C)Cl)C(C2=CC=CC=C2)(C2=C(C)C=C(F)CC2)C2C=CC=CC2)C(N2C=C(N)C(=O)C(C)C2C)=C1S,0.1299366143796726,653.2390000000003
CNCC1(NC)N=C(O)C(NC)=C(F)C1(O)C1=C(CS)C(C)(OC)N(C(O)F)C(N2CC=CC2)=C1C,0.12952346509944984,530.6420000000002
CCNC1NC=C(C2=C(C3(N)C([SH](N)C(C)(C)NC)=C(F)CC(C=O)(CF)C3(C)CC)N(C)N=C(F)C2(C)F)O1,0.12944195641514966,593.7360000000003
C=CN1CC=CSC1(C)C1(C=O)C(C)=C(C(N)S)C(O)(F)C2(C3=CSC(C)(N)C(C)O3)CC(C)(O)OC(C)(C)C12C,0.1293869767669788,629.8860000000001
CC1=C(CC2=CCCC2)C(NCO)=C(O)C(C)(C2(C(=O)N=C3NCCCO3)C(F)=C(C)C(O)=C(O)[SH]2CO)O1,0.12938417115329184,569.6520000000004
C=C(CCC)N1C(CC)=C(C=O)C(F)=C(C2=CC=CC=C2)C1(C(C)C)N1CC=C(N2CNC(N)N2)[SH](C)C1(N(C)CC)[SH](=C)=O,0.12906613358844077,661.958
CCC(=O)C(CNC)N(C)C(=O)Cc1c(F)c2c(c(OC(C)(C)C(C)C(CC(=O)NC)C(C)(C)N)c1N(S)NC)CN2CC,0.1290085570046652,639.883
CC1=C(N)C(C(C)(N)O)=C(C(O)(N2CC2)N2C=CC(F)CC2N)C(O)(F)N1C1=CC=CC(N)=C1,0.1280944867676482,479.53200000000015
COC1C(F)=C(NC(C)=O)N(C)C(Br)=C1C(C(=O)Cl)(C(N)F)C1(C2(N)N=C(C)C=C(S)N2)C=CC(C(C)(C)N)=CO1,0.12789309260626824,681.004
CC1(C(=O)NC2(C(=O)O)C(N)=CC(C=O)(C3=CCC(C4=NC(N)=CNC4)=C(N)N3)C(F)=C2N2CC=NC2)CNN=C(N)N1,0.12785650637719798,597.616
CCC(=O)N(COC)C(OC(N)O)(C1=C(F)OC(=O)C(CC)C1(Cl)CN)C1(C(O)F)CC=C(N)CN1C,0.1276621019881136,556.0070000000002
CNC1C(N)=C(C2NC=C(N)C=C2N)C(Cl)=C(N)C1(S)C1=C(F)NC(F)=C(C2=C(C)CC=C(C=O)C2CN)C1,0.12718183510581016,579.121
CCN=C(C)C1=NC(S)(NC)C(C#CN2C=CCC2)(C2(OC(C)=O)OC(F)=NN(CNC)C2C)C(N)=C1,0.12583597565947477,534.6620000000003
CCN(C(=O)F)C1=C(C2C=CC(NC)C2)C=C(C)CC1(C)c1c(O)c(Cl)c(C2(C)NCC=CC2C)c(F)c1NC=O,0.12553878249416062,589.1270000000003
CNC(=O)C1(N2CC(C)(C)C(N)=C(O)C2=O)C(C)=C(F)C(N(C)C2(Cl)C=CC(C)=CC2N)C(C2(N)C=CCC(C)=C2C)=C1C(=O)F,0.12530482563489748,661.1940000000001
CC(=O)c1cc(C2(F)CC3CCC=C3N(C)C2)c(N(C)NS)c(C(C)(Cl)C23C(C)=C(Cl)C=C(O)N2C=C(F)C(C)=C3F)c1,0.12524242973665348,655.614
NC1=NC(N)=C(F)C2(C(N)(O)C3(O)CN3)C=CC=C(O)C12C1(C2=C(O)N=C(O)C(N)C2=O)N=NC(O)=C(N)S1,0.12410125463798051,566.5320000000002
CSC(F)(N(C)SN=O)C1(F)OCC(CC2(O)C=NN(C)C(C3=C(CF)NC=C(C4=C(C)C=CC=C4)N3)=C2C)=C(O)N1C,0.12407329797528475,641.7420000000002
CC1=CC(Cl)(N(C)C(F)C2=C(F)OC(C)=C(C3(N)NC(C=O)=C(N)C(CCN)=C3C)C2(N)C2=CC(N)C=CN2)C=C1,0.12403699196735699,591.1070000000003
COC1=C(F)C(OC)=C(C2NCC(C)=C(C)N2)C(N(C2=C(N)NC=CN2)C2(F)CC=CCO2)=C1C(=N)O,0.12387790492510324,519.5530000000002
CCC1=CC=C(C2(C3=C(C(S)(C=O)N4CC=C(C)CC4S)N(C)C(F)(CS)C(C4C=C(N)C(C)N(C)C4)O3)OCS2)C=C1Cl,0.12386897209919984,701.4209999999999
CCN1N=C(C)N(C2=C(F)C(N)(O)C(C)(C)C(N)=C2C(O)(NC)C2=C(C(C)C)C(O)=C(N)SC2C)C1(Br)SC,0.12283623821832167,650.6850000000002
CC1C(C2=CC(F)=CC2=O)=C(C(=O)F)N=NC1(C)C1=C(S)C(F)(C(N)F)C(O)=C(C(=O)NS)N1C(=O)[SH]=O,0.12239275031138909,595.5780000000001
C=[SH]CC1=C(F)C(O)=CC(C)(C2=CC(O)=C(O)C(C3=NC(O)=CC(C)=C3)=C2F)N1C1=C(C)C(C2=CC=CC2)=CC=C1,0.12080750058659731,576.6650000000003
CCSC1(C2(CCN)CC(C)=CO2)C(N=C2SC(S)=C(C)OC2=CS)=C(F)C(S)=C2C(=O)C(S)=C(S)C(C(N)F)=C21,0.12047146198445391,694.0010000000001
CCCCC1(C(C)c2ccnc(-c3c(F)c(S)c(ONC)c(C4(N)C=C(C)CC4)c3Br)c2N)C=CCC=C1CC,0.12033287922417497,629.684
CNC1=C(F)C(N)C(OC)=C(CCCS)C1(F)N1C(=O)C2(N3N=C(CN)C(C)(F)C(O)=C3O)NCC(C)=C2C(C(=O)[SH]=O)=C1O,0.1194086272690205,677.7280000000002
CC1=CC(C2=CNSC=C2C2=CC(C)=C(N)C=C2C)=C(C)C(F)(OC(C)(C)N([SH]=O)C(C)(C)N)N1,0.11893114926159588,521.7280000000003
COC1(N(C(C)(N)C2=NC(N3CCCC(S)=N3)NC(C)S2)C(O)(C(=O)Br)C2=C(F)SC(F)([SH]=O)C(C)=C2)C=CNC1,0.11878809726496661,716.7220000000001
CCC(O)(C(N)O)C(S)C1=C(N2C=CCC2)C(N)(F)NC(F)(OC2=C(C)C(C)(S)C(N)=C(N)C2=O)S1,0.11739968930030553,566.7220000000002
CCC1CCNC(C=O)=C1C1=C(O)C(C2=CCCN2)(C2(C3(N)SC(C)=CNC3C=O)OC=C(N)C(C=O)=C2C=O)C(N)(F)C(N)=C1O,0.11703826386507933,671.7520000000001
COc1cc(C)cc(C2=C(N)CN(C3(c4c(S)c(S)c(F)c(NS)c4N4C=CCC4)NC(Oc4ccc(C)cc4C)=C(C)C=C3F)C=C2)c1S,0.1162617045947066,752.016
COCC1(C)C(=O)C(C=O)(C(=O)C2(Cl)NC(C(=O)N3C(C)OC3N)C(F)(C(C)O)NC2Cl)OC(F)=C1C(C)=O,0.11613495855264197,601.3870000000002
CC1C(O)=C(O)OC(C2=C(C(N)S)C3C=CC=C(N)N3C(C=O)=C2N)=C1N1C(C)(C2C=NC=NN2)C=CN(C)C1(C)CO,0.11576687458700909,611.7290000000002
CCC(=O)NC=C1C(C2=C(N)C=CC(F)=C2)=CC(F)(OC)C(C2(OC3=C(C)C=C(N)C=C3)NC(NC)=C(C)NC2=O)=C1N(S)C=O,0.1154612752990316,655.7280000000003
CNC1=C(F)OC(N(C)C(=O)C(C)(C)C(C)=O)=C2C=CCC(C(O)([SH]=O)C(=O)OC(O)(F)CC(C)S)=C21,0.11524996970923021,564.6290000000002
CCC1=C(NC)C(F)(N2C(O)C(C(=O)O)=C(CCl)C(=O)C2F)C(O)=C(C(C)N)N1C(=O)C1(N)N=C(F)NN1CO,0.11520836760848124,596.9510000000001
CC1=C(N)N(C2=C(C3=C(N)SC(N)CC3)C=C(C=N)OC2(F)C2OC(CN)=C(N3CC3O)C(C)C2=O)C(C)(N)C=C1C=O,0.11491723734285292,616.72
COC1(N)C(N)=CC(N2CC(C)=CC=C2N)=C(C2=C(F)N(C=C3CN=C(C)CC3CO)C(N)=C(N)N2C)C1(C=O)CO,0.11341338592866337,585.6850000000003
CC(=O)C1=C2C(=N)NC=C(C(=O)S)C2(F)C(=C2OC(C)=C(C=O)C(C)=C2C(C)C)C(C2(Cl)C(C)=C(C)N=C3OCC(N)=C32)=C1OCN,0.11284251388312191,684.1899999999998
CNC1=CC(N)=C(C2(Cl)C=CC=C2)C(C2(C)CC=C(C3(C)CC(O)C=NC3C=O)C3(Cl)C(C)=CC(F)NC32C(=O)OC)C1C,0.11227958134264239,647.6190000000003
COC1=CNC(C2=C(S)N(C(O)(Cl)N=C3CNC3)C(F)=C(C=O)C2(C(C)=N)C(C)=O)C(C)N1C,0.11205747939041785,515.0110000000003
CCC(=O)C1=C(C2=CC=CC(N)=C2C2(Br)C=C(F)NC(C=O)=C2)C(F)=C(C(C)=O)C(O)=C1N,0.11174393113193683,520.3300000000002
C=C(N)OC1=C(C)C(F)(C#N)C(NC2(C)NC=C(C)CO2)=C(N2C(N)=C(OC=O)CC(C3NCC=NN3)=C2F)C1=CNC,0.11133036925282082,600.6310000000003
CCCNC1=CC(CC)(OC(O)C(O)NC(C)F)N=C(C(C)=O)C1(F)N1N=C(C2=CCC(N)=C(N)C2)CC2=C(C)CCC21,0.11117642552496769,605.7310000000001
CNC1=C(F)C=C(C)C(C(O)(N2C(F)=CC(C=O)=C(C=O)C2(Br)OC2=CC=CC=C2)C2(O)CC(C3=CNCS3)=CC(=S)N2)=C1,0.11093631021323978,705.603
CCC(=O)C1=C(N)C=C(C2(N3CNCCC3(N)N)C3=CCCC3=C(C3(Cl)CC(=O)C=CC3Cl)CC2(C)CS)SC1(F)OC=O,0.11077039287214249,686.7030000000003
CNC1=NN2C(C(=O)C3(C#N)CC3)(C(=O)N1)C(C(N)(C=C1C=C(F)C=NC1)C(=O)O)=C(NC)OC2(F)S(=O)C1(F)CNC=C(F)S1,0.10958342596729771,687.6580000000001
CC1=C(C2=C(O)C(N)=C(C)N(CN)C2(N=O)C2=C(C)C(F)(S)C(N)=C(C=O)N2)C=C(N)C(C2=CC=CNC2)=C1C,0.10908702833758932,568.6790000000001
CCC(=O)OC1(N)OC(O)(F)C(N)(C(=O)C2=C(C3(F)C=CCC=C3)N(C)C(C)(C(=O)OC)C(C)=C2F)C(N)=C1[SH](=O)=O,0.10846240526030425,620.6030000000003
CNC1=C(N2N(C)C(O)=C(N)C(C3=C(N)CN(C(C)(C)N)C(C4=CCCC4)=C3O)(C(N)S)C2(N)F)C(C)=C(CO)OC1C,0.10800423321267079,623.8000000000002
CCC1=CC(N(C#N)CC)=C(N(C)C2(C3(O)C(CO)=CC(=O)C(C(C)=O)(C(=O)Br)C3F)C=CC=CN2)C=C1N,0.10799817401499105,604.4770000000001
CC1=C(N)C(N(C2=C(N)C(N)=C(O)N=N2)C2=C(F)C(S(C)=O)=C(N)C(N)(F)C2(N)C2=CC=C(O)C=C2)=C(S)C(C#N)=C1N,0.10693798556998664,631.695
COC1=C(C)C(F)N(C2N=C(F)N(C)C(N)=C2NC2(C(C)(N)O)C(=O)C(O)=C(C3(C)CN=C(C)O3)N(C)C2=O)NC1=C(C)N,0.10643047499749063,624.6500000000001
CCC1=C(C)N(N)C(C2=CC=C(CN)C(N)(C3=CCC=C3)S2)=C(N(CN)C2=C(F)C(O)(C(=O)S)C(=O)N=C2F)C1,0.10591643492305065,591.7100000000002
CNCC1(C2(NC(N)=O)C(C(=O)NC)=C(F)OC(CCN)=C2C(=O)NC(N)(O)F)CC(N)=C(N)N1,0.1053861988538452,504.4990000000003
CCC1(C)OCN(C2=C(C)SC(S)=C3C(NN)=C(F)C(C4(S)C=CSC=C4)=C(C4=CC(C)C=CN4S)C32F)CC1S,0.10537232494967734,673.0050000000002
CCC(C(=O)C12NC(C)=C(N3CC=CC(=O)C3)C(=O)C1(F)N=C(CCN)C(C)C2(N)CO)(C(C)N)C1(F)CCOC(C)(OC(C)=O)[SH]1C,0.10528511830474246,700.8500000000001
CC1=C(C)C(O)=C(C2=NC(S)N(C3=C(C4=C(O)SC(O)=C(N)N4)NC(F)=C(C(O)(O)O)C3)C(C)N2C(N)N)C1=O,0.10488443576925022,600.655
CCCCC(CC)(OC)C(N)(NC)N(C)C1=C(C=O)C(C(N)CF)=C(O)C(Cl)(C(=O)F)C1(F)C1=NOCC1C,0.10486029084060912,582.0640000000002
COC1(C2=C(O)C(F)(C(Br)(N3C=C(C)C=CC3)N3C(F)=C(C)CCC3C)C(C3(N)CO3)=C(C(=O)S)N2C)CC(C=O)=CC(C)(F)O1,0.104750450702604,731.6320000000003
C=NOc1c(C)c(C)c(N(C)C2(F)C([SH]=O)=C(N)C(N=C3CC=CN3)=C(N)N2C)c(CBr)c1C(C)=N,0.10439573434227481,581.5160000000001
CC1=C(C=O)C(c2cc(O)c(N3C=CCC3)cc2N)(c2c(F)nc(N)c(N)c2F)C(C#N)(C(=O)O)C(C)(S)O1,0.10348992807449504,558.5670000000003
CNC(N)C(C#N)(CO)C1(O)C(=O)C(C2=C(C)CSC(F)=C2C2=CNC(N)=C3CCN=C23)=C(N)N(C=O)C1(N)CN,0.10323838830596643,588.6700000000001
CC1=CC(C(N)(N=O)C2(N)OCC(C)N(C3=C(C(=O)OC=S)C(O)=C(C(=O)[SH]=O)C(N)=C3F)O2)=C(Cl)C=C1,0.10225161614981337,590.0110000000002
CN(C#N)C1=C(C=O)C=CC(=O)C1(N)C1C(O)=C(OC2C(CN)=CN=CN2C)C(O)=C(S)C1(F)Br,0.10194434176165103,569.4130000000002
CCC1=CNC(O)(C2(C(NC)NC)C(=O)OC(F)=C(C3(S)N=C(OC=O)N(C4=CC=NCC4)CS3)C2(C)N)C=C1,0.10191581933931508,595.7230000000001
CNC1=CC(C(F)(S)C2=C(N(C)C=O)C(=N)C(N(C)C3(C4=CCCC4)CNCCN3)=CC2(N)S)=CC(C)C1=CF,0.10130357290251156,591.7980000000003
CNC1(CC(=O)C2=CCCC2)C(F)(N(C)C2(S)C=C(C)C(=N)C=C2C2(C)N=CC=CO2)NC(S)=C(N)C1(C=O)N(C)C,0.1006408624366578,617.8169999999999
CSC1(NC(C2=C(CN)NC(C)(O)C=C2O)(C2(N)C=C(N)N(C)NC2)C(N)(O)C(=O)F)C(N)C=C(C)C(=O)C1(C)C,0.10020444959977383,599.7340000000002
CCC1=C(C(N)O)C(C2(OC(C)C=O)NCC(C(C)(N)CC)=C(N(C)C(N)N)N2)=C(CO)C(C)(F)C1(N)CF,0.0991446553110066,560.6910000000003
COc1c(C2(N)OC(F)=C(NC3=CC=CC3)C(=O)S2)c(N)c(CN)c(C)c1C(O)(Cc1ccc(C)cn1)N(N)O,0.09858856731655202,573.6510000000003
CC1=C(C2=C(N)CC(N)C=C2)C(=O)C(=O)N(C23NN2C(OC(Cl)C(N)=CC[SH]=O)=C(C#N)C(N)=C3F)C1C,0.0985687941543345,565.0310000000003
CN(C)C1=NN(C2C(F)=C(c3c(F)c(O)c(C(=O)O)c(C(=O)O)c3C(O)Cl)OC(O)(S)C2(C)C2=CCCC2)CC([SH]=O)C1,0.09851621990385864,666.1209999999999
CC1=C(N)NC(C2C(N)=C(C3=CN=C(O)C(C#N)S3)C(C(C)(F)F)C(C3=C(C(=O)F)C(S)=C(F)N(C)C3)=C2C(N)=O)=CN1,0.09817612228862055,638.6729999999999
CC1=C(S)OC(F)(C2=C(O)C(N)=C(N)C(C)=C2C2=C(Cl)CC(N(C(=O)O)C3=C(C(C)CN)NC(F)=C(F)N3)=CN2)O1,0.09737624868221215,618.0380000000004
CCC1(CCl)C(F)=C(N2C(C)=C(O)C(=O)N(N)C2(C(O)O)C2(N)NN=C3CC=C(C)C=C3N2)S(=O)C(C)=C1OC,0.09735354904517948,602.0890000000002
CNC1(Br)C(C(=O)C2(N(C3=CC=CCC3OC)C3(C)C=CCC3)OC(N)=C(N(C)OC)CC2(C)OC)=C(C)C(F)=NN1CS,0.09610773880634337,699.6880000000002
CCC1(C(=O)C2=C(N)C(OC(C)=S)=C(F)OC2(C(=O)OC2(Br)C(C)=CCC(=O)N2C)C(O)C(C)N)C=NN=C(O)S1,0.09582744920382127,678.5590000000001
CC1=C(C2(C3(F)C(=O)C(C)=C(S)C(N)=C3[SH]=O)NC(Cl)OC(C3=C(N)CC=CO3)(C3(F)C=CCC3)N2)N=C(O)C(C)N1,0.09581632732444204,645.1540000000001
N#CC1(N2CC(=O)CC(C3=C(CC(N)(F)C(N)(N)Cl)OC(Br)(C(=O)F)C(N4CC4)O3)=N2)C=CCC=C1,0.09568165894986937,590.8130000000001
CC1=NC(S)(C2=C(N)C(C3=C(C4CO4)C(C)C(N)(Br)C(O)=C3)=CC(N)(C3=C(S)C(O)=NC(N)=C3F)N2C)C(CN)C=C1,0.0955254869752174,681.6579999999998
COC(=O)C1C(C)[SH](C2=CCC=C2)C(NS)(C2(F)C(N)=C(N(CO)C3=CC=C(C)N=C3N)C(=O)NC2C2=CCC(O)=C(C)N2)C(CN)(OC)C1C,0.09400513700365015,748.948
CCNC(C(NC1=C(C2(OC3(C4=CC=C(O)C(=O)C4=O)C=CC=NN3)OCS2)C=C(N)C(O)(F)C1CC)N(C)C)C(C#N)(CC)C1=CC=CC=C1,0.09340946888852988,721.8559999999998
CC1=C(C)C(CI)=C(N(C)C2C(N)=C(C3C=C(Cl)C=CN3)C(=O)C(F)=C2C(C)(S)C2=CC(CN)=C(N)C=C2S)C=C1,0.09267056224117586,726.125
CNC1=C(N2CCC=C2C)NC(C2=CC(OCN)=C(F)N(CS)C2(c2ccccn2)C2(C(Cl)Cl)C=CC=CO2)=C(C=O)C1C,0.09253082905972466,661.6310000000001
CC1=CC(N)=CC(NC2(C3=C(OC=O)C(N)=C(F)C(N)(O)N3S(=O)C=O)NC(C)C(C(=O)CN)=C(C=O)O2)=C1,0.0910701659835194,567.5560000000004
CCN(CC#N)C1=C(F)C(O)(N(C)CO)C(CC2(C)C=NCC2)=C(N(C=O)C2=C(O)CC(C)=CC2)C1(CO)C1=CN(C)N=C(O)O1,0.09084225412873348,643.7170000000003
CNC(O)(S)C1=CC(C(C)=O)=CC2(O)C(=O)C(C(O)C3(N)CCC=C3C)C(F)=C(C3(N(C)C)C=CCC(C(N)O)=C3O)C12O,0.09050422174885049,636.7430000000003
CN=C(C)C1=C(S)C=C(C2=C(OC3(O)N(C)N(NC4=C(C)C=C(O)CN4C)C(N)(OC)CC3(C)C)C(OC)C(F)(S)C=N2)C(C)(N2CC2)C1,0.09046845567493966,722.9540000000001
CC1(C)C=CN(C2=C(S)C(C(=O)Cl)=C(CO)N=C2NC2=C(N)C(C(=O)O)=C(O)C(F)=C2O)C=C1O,0.09019754455180712,526.9300000000003
CC1N=CNC(CNC(O)(O)C2(OCO)C(=O)C(Cl)=C(CO)C(C3(Cl)C(N)=C(F)C(N)(N)C(F)=C3F)=C2C(C)(N)O)=N1,0.08956072172063181,645.4230000000001
CCNC(=O)C1=C(S)C(O)(C(=O)O)N(C(O)(OC2(O)C=CCC2)C2(C)CCC(N)C(C(C)C(N)O)=N2)N=C1F,0.08828617986836193,574.6320000000003
C=C1C=C(C)[SH](C)C(F)(NCN)N1C1=C(C2=C(C(C)NC)C(OC)=C(C)C(O)=C2C2(N)OC=CO2)C(=O)C(=O)C(N)(F)N1,0.08823832450809933,625.6990000000002
COC(F)C1(S)OC(F)=C(C)C(C2=CC(C(C)=O)=C(N(C)C3=C(C)C(N)=C(N)C=C3C3NN3)C(C3=C(N)CC=CN3)=C2N)=C1N,0.08749310587077837,641.7489999999998
CCN1CCCC(C)=C1C1=C(C(C(N)N)C(Cl)C=O)C(NC)=C(F)C(C2=C(NC)C(C)=NC(N)=C2C(N)(O)Br)=N1,0.08714969589399407,643.0060000000002
CCC(Cl)CC12OC1(N(CC)C(=O)C(C)(N)C(O)(C(C)=O)C(C)N)C(CO)=C(N)C(N)(F)C2=C=O,0.08671944681285462,520.0020000000003
CCNC(=O)C1=C(F)C(O)(c2c(CC(C)(C)S)c(O)c(O)c(N(C)CN)c2N=O)C(N2CCC(O)=C2O)=C(F)C1O,0.08660506554811573,601.6290000000005
CCN(C)C(F)(OC1=C(F)OC(NC)(NO)O1)C(=O)C(CC=O)(OCC=O)C(C)(COC)NC,0.08617716676531548,498.48000000000036
CC1=CNC(NCC#N)(C2(N)C=C(C3=CCCC3)C(N)NC2(C(=O)O)c2c(C)c(Cl)c(C3(F)NC(C)NCS3)c(F)c2N)OC1=O,0.0859729744557233,680.182
C=CC1=C(C)C(C=O)(C(NC=O)OC)C(NOC2(C)C=CC=C2)=C(C2(C)C(S)=CC3(N)N=CCNC3(C)N2C)C1(F)[SH]=O,0.085546024764524,634.8000000000002
CCNN1CC(C(C)(N)C#N)=NC2(C(=O)C3(S)C=CNC=N3)C1(C(C)C)C(C)=C(F)N(C(=O)C(=O)NC)C2(CC)N(C)CO,0.08539792694390674,634.783
COCC1=C(N)C(C)=C(C)C(OC2=C(N(C)SC)C(C3=C(C=O)C=CC=C3CN)=C(F)C(C3=COC(Br)=CC3)=C2NC2NC=CO2)=C1,0.08457667351209776,726.6690000000002
CCC1=C2C(=C(N(N3C=C(C)CC3)C(C)(O)CC)C(NCN)N(C3C=C(N)NC(O)=C3C)C2(F)S)C(C=O)=C(C=O)O1,0.08355109368629311,605.7370000000002
CNOC1(C2=C(C(O)(Cl)NC)OC(F)(N3CN(C)C(C)=C(C)C3(C)C)N(C3(O)OCC(CN)NC3=O)C2=O)CCN=N1,0.08294200749230028,620.0830000000001
CNC(=O)N1C(C)(CO)C(O)=NC(F)(N(O)C2(O)CN(CN)N(C)CC2N)C1(C(C)=O)C1(C)C=C(C)CC(=O)C1,0.08277041880463065,572.6390000000002
CC1=C(N)C(C2NC(F)=C(C3(N)CC(Br)=CC(N(O)C4(OCS)C=CN(C)N(C)C4C)=C3O)NC2(N)C(=O)O)=NC(N)=C1,0.082606213844475,687.597
CCC1=CCC=C(C2(C3=C(C=O)C(N)(CC)C=C(C)N3)N(NN)C(O)(F)CC3(C(N)=O)C(N)=CC=CC32C)C1,0.08230306620910341,541.672
CC1=CC(O)(C2=CC(N)=CC=C2)C(C)(C2(OCN)NN2S)C2=C1C(C)=C(F)C([SH]=O)=C2C1(C)C=C(F)NCC1N,0.08227668240457514,592.738
CC1=C(C2(F)C(S)=C(S)CC(S)=C2C(C=O)(N(C)C)C2(Cl)C=CC(C)(CN(C)S)CC2)N=C(F)C(S)=C1,0.08183352177823307,624.3350000000003
CNC1(C(O)(O)N2C(C(N)(C(C)F)C(N)(O)F)=C(F)C(N3N=C(C(C)(O)F)C(C)C=C3C)OC2(F)C(N)=O)CC1=O,0.0816406036564556,601.53
CC1=C(C2(NCN)C=CC=CC2)C(O)=C(F)C(S)=C1C1(NCCl)C2=C(N)N=C(O)NC2=NC(=O)C1(O)C(O)O,0.08056507925019513,584.0300000000003
CC1=C(C)N(C(O)C2=C(C(O)F)N([SH]3CC3)C3(F)N=C(S)C(O)C(C(O)Cl)=C3N2C2=C(O)C(C)=C(C)N=C2F)C(C)N=C1,0.080151536157905,665.16
COC1=C(C(O)(O)F)C(C(C=O)(CCCl)C2=C(S)C(C)=CC=C2)=C(N(O)C(C)(S)C2CCC2S)CC1=O,0.07986866162677546,592.1760000000002
CC1=C(C(N)=O)NNC=C1OC(=O)C1=C(N)C(F)=C(S)C(F)(S(N)=C(C=O)N2CCC(C)(N3CC3)N(C)C2)S1,0.07887187058348114,604.731
CCOC(C)OC1(CN)C(C2(CNC)C=C(C)CN=C2C)=C(C23C=CC=CC2N3N)C(CNC)=C(F)N1C#N,0.07687760450039846,540.6880000000001
CCC1NC1(COCCl)C1(C2=C(Cl)C(F)=C(C(=O)C(N)OCN)C(Br)=C2)CNC(C)(O)NN1C,0.07628420180748087,588.3060000000002
CC1=C(CO)C(C(=S=O)C2=C(C(=O)N3C=CC(=O)C(C)C3)C(OC3=CCCNN3C)=C(N)C(N)(C=O)C2(F)S)=C(C)C(=O)C1=O,0.07623525917383994,661.7340000000003
CSC(F)(NC(N)=O)C(=O)C1(N)NC(N)=C(NC2(N)CCNC=C2C(N)N(C)S)C(N)(CS)N1,0.07549436900859413,540.7210000000002
CSC(N)N(C)c1c(F)c(C=O)c(C(C)(C)S)c(C(=O)O)c1C(=O)C1=C2C(N)=C(C)CC(C)=C2C(CO)=NC1(C)C1(C)CC=CC1,0.07087220209467608,670.873
CNC1=CC(N)=C(C(C)(F)C(O)(C2=C(F)C(F)(N(S)C3(N)COC=CN3CO)C=C(N)C2=O)N2CN2)C(C)=C1C,0.06899338603653021,586.6410000000001
CC1=C(N)NC=CC1(C(=O)C1=C(N(C)CN2C=CC(=O)CO2)N(C2=CNC(=O)CN2)C(F)(C(O)Br)N(C)C1(C)O)C1NS1,0.06859205679644516,686.565
CNC1(Cl)C(N(CN)C(C)CN)=C(C2(C)CCC(C)=CS2)CC(=O)C1(F)N(C)C1=C(C)NC(N)(CC(C=O)C(F)F)OC1=O,0.06784104183450818,666.2110000000002
CNC(N)(C1=C(C(C)NCN)CNC(F)(N(C2(Cl)C=CCC2)C2(C)CC=CC=N2)N1)C(C)(CF)C1(N(C)CN)C=CC=C(C)S1,0.06773824996614497,669.3349999999999
CNC1C(N(C)CO)=CN(c2c(F)c([SH]=O)c(C=O)c(C(=O)CCCO)c2N2CCC=C2CS)C(C)C1(C=O)N=O,0.06751668467253064,611.7180000000004
COC(=O)C(=O)C1=C(N2C=CCC(=O)C2=O)C(S)=C(NC2(OC)C=CC(O)=C2Cl)C=C1N(C(=O)O)C(=O)C1=CC(N)=C(C)C=C1C,0.06746135604374863,671.084
CCC1(C2=C(Br)C(O)(C=O)C(O)=C(F)C2(NC2=C(Cl)N(C(=S)C=O)C(C(C)O)=C(N(C)C=O)N2CO)S(=O)(=O)CCl)NCCO1,0.06689858247159104,781.4629999999999
CN1CC(C2(F)C=CC=CN2)=C(N)C(C)(C2=COC=CC2N)C1(C(N)O)C(O)(F)N1NC(C(N)(N)O)=C(F)OC1(N)C(=O)C(N)=O,0.06594625108775547,659.6270000000001
CCC1=C(C)C=CCC1(C1=C(N)C(F)(N=O)NC(NCS)=C1C(=O)C1CC=CC1S)c1cc(C=O)ncc1N,0.0655946991417377,570.716
CNC1=C(C2(N)N=C(N)C(C)=CC2=S)C(S(N)=O)=C(C(C)(F)N(C(C)(F)CN)C(N)(Cl)NC)C(F)=C1N,0.06549071467516249,585.1260000000001
CC1=CC(C(N)NC2(NC(N)=O)C(F)=C(N)C(C3(NC(=O)F)C(O)=CC(C(N)=O)=C(O)[SH]3CN)=C(O)N2O)=CC(C)C1=O,0.06548142936776735,631.6190000000003
CC(=O)C1=C(C2=C(CO)C=CC(CN)=C2)C(C=O)=C(C)C(C2=CNC=C(O)N2)=C1C(NO)(NC1=NC=NC(F)=N1)C(=O)O,0.06534058730458442,594.5600000000002
CCCC1(F)NN(S)C(=C(C2(Cl)N=CC(C)=CN2)C(S)(CN)N(C=O)CC)C(O)(CN)N1C(=O)C1=CCC=C1,0.0648076154895089,603.1900000000003
CC1=C(N)C=C(O)C(OC2(C3(F)C=CC(F)=CC3=C(C(N)=O)C(=O)N3NC3(C)N)OC(C)=C([SH]=O)C=C2S)=C1,0.06469904997006937,581.6230000000003
CCC1=CC(NC)(C2(N(O)CC3(O)CC3)C(C)=C(OC)C(SC)(N(C#N)C=O)C(F)=C2C2(N)NCC=C(C)O2)OC=C1O,0.06460005634560656,622.7200000000003
CC1=CCC=C(SC2(C(=O)N3C(OC(N)=O)=C(N)C(O)=C(S)C3(O)F)NC(C(C)(N)O)=C(N)C(N)N2C2CN2)N1,0.0644653535193069,602.675
CC(=O)C1=C(C2(N)CC=C(F)NN2C)C(O)=C(F)C(N(C(=O)O)C2(N)C(=O)C(=O)C(N)C(N)=C2N2CCOC2)=C1C=O,0.0642034406063951,594.5320000000003
C=[SH]C1=NN(C2(C)NC(F)=C(N(CF)C3(F)C=C(NC)CN=C3N)C(OCCOC)=C2C2=C(COC)NC(N)=C3CNC=C32)N(C)CO1,0.06394514798726772,697.789
CCC=C1C2=C(CC)C=CN(C(CNCO)OC)C2=C(C(CC)N(C)c2ccccc2)N(S)C1(F)C(C)C1(C(N)O)CC=C(CC)C1,0.06383103029224699,669.9519999999999
NC1=CC=CC=C1OC(=O)C1=C(F)C(C2=C(OCC=O)NC(S)=C(CO)S2)=NC(C(=O)C2CNCO2)=C1O,0.06370973046143817,564.5730000000002
COC(O)(S)C(N(C=O)CC=O)N(C1(OC(C)(CC(O)(O)O)C(C)C)CSC(C(=O)[SH](=O)=O)=C(F)O1)C1(OC)CC=C(C)C1=O,0.06369721359701634,704.7700000000001
CCN1C(O)=C(O)NC(C(=O)C(=O)N(N)C(N)=O)=C1C1(N=O)C(C)=CC(S)=C(C2=C(C)OCC2)C1N,0.06310729785943324,521.5560000000003
COCN(C1(S)SC=C(C)C=C1C1=C(C)CCN1C)C1(C2(C=O)C=CC(=O)C(C)=C2)C=C(C=O)C(Cl)(CNN)N=C1F,0.06299161720378126,636.215
CC(=O)C(N)(C1=C(OCO)C(C(=O)O)=C(F)C(O)=C1C1=NNC(C2=C(N)C=C(C(=O)C(N)=O)C=C2)=C(C(=O)CN)S1)N1C=CSCC1,0.0625809731699844,689.704
CCN(C)C1=CN(C)C(=O)C(OC)(C2(F)OC(O)(CF)C(O)(C(C)(O)O)C(=O)N2NC2(C(C)O)NC(F)(C(=O)O)N2)C1=O,0.06237290018877325,630.5300000000002
CCC1=C(C(CC)CO)OC(C(=O)F)(C2=C(N(C(N)=O)C(=O)Cl)C(N)=C(C(N)=O)C(CON)(NC)C2(F)S)C=C1C1=CCNC1,0.06145966271929407,676.1430000000001
CC1=C(CN)C(C(C)S)=C(S)C(CF)(CNO)N1C1=C(S)C(C(N)(O)C(C)N)=C(N)C(N(C(C)CN)C2(C)OC(O)(O)S2)=C1F,0.06139595333013946,714.9530000000001
C#CC1(N)NCC(C2=C(C=O)C(C(=O)N(C)S)=C(N(O)C(Cl)C3(C)CNC=C(N)N3)C(C3=C(C)C=CC3)=C2F)=C(C)O1,0.06047902090934645,618.1350000000002
CCC(C)C(C1=CC2(OCCC#N)N(C)C2(C(S)(Br)C(C)(F)N(C)CC)C(C)=C1C)N(C=O)CS,0.06014537002140621,591.6570000000002
CNC1=C(CN)COC1(O)C1(F)C(CF)=C(OC(N)C#N)C(NO)(C(N)NS)C(N)(S)C1(N)F,0.05993718810240469,531.5870000000001
CC1=C(Cl)C(NN)=C(N)C(CCl)(C(N)(NC2(N)NCC(N)=CO2)C2=C(N)N(C3=CC=CC=C3)N=C(F)N2)C1(C)N,0.0580582582484941,598.5190000000001
CCN1CC(CF)(NCF)N(C(O)(N2C(C)=C(N)NC(F)=C2C(COC)C(N)O)C(O)(F)N(C)C(C)(C)C2=CCCC2)C(O)=C1C,0.05775256072463342,666.7619999999998
CC1=C(N)C(C=O)=CN(C2=C(C3(S)CNC=CO3)OC(CO)NC2(F)C2(OC3=C(CN)C(CNN)=CC=C3)CC=NCS2)C1,0.05756853537675222,648.7870000000001
C#CC1=C(S)CC(N)C(=C)N1C1=C(C(O)=S=O)C(C(N)F)=C(NCN)CC1(F)N1C(=O)C(C#C)C(CO)C(=O)N1C(=O)OC,0.05644033340197297,653.6900000000002
CCCN1NC(C2=C(C=O)N(C)C(N)C=C2C2=C(OC)C(N)(S)C(F)=C(C3=NC(Cl)(C(=O)F)NC=C3F)N2C)NC1=O,0.055899635718408294,632.0690000000001
CC1=CC(C)(O)N(C2=C(N)C(C3(O)C(C=O)=C(C(=O)Br)NC(O)=C3C3=CC(C)(F)NC=C3N)=C(O)C(N=O)=C2F)C1,0.05586070783902286,639.41
CNCC(=O)C1(C(C)=O)OC(S)(C2=C(N(C)CO)C(O)N(C=O)C(F)=C2O)NC(N(C)S)=C1C1=CC(O)=CC1,0.05513440702946015,587.652
Cc1cc(Cl)c(C)c(C)c1-c1c(Oc2c(C3(Cl)C=CCC3)cc(O)c(N)c2S)c(C)c(O)c(F)c1[SH]1(=O)C=CNC=C1,0.05482575025368617,649.6370000000004
C=CN1NC(F)(S)C(C(NC)NS)=C(C23N=CC=C(O)C2(C)N3)C1([SH]=O)C(C)(OC)C1=C(OC)NOC(C)O1,0.05439736951399657,607.7560000000003
CCCC(O)(NC)C(C1C=CCC1)C(S)(C(O)C(C)NC)C(O)(F)C1(C(=O)C(Cl)C2(OC)COC(C)=CN2)OC(C)(C)C(S)C(=O)S1,0.05379072855098942,744.4140000000001
COC(N)(O)N(C(=O)Cl)c1nc(-c2c(F)c(F)c(N)c(S)c2C2(N)C=CC(C(F)C3C=CCC3)=NN2)c(N)c(N)c1O,0.05362720787859879,630.0529999999999
CC(NC(F)(OC(=O)Cl)C1(N)OC(F)(N2CCC(C(=O)N(C)CN)=N2)C(NS)=C(N=O)C1(N)F)C(=O)O,0.053257811193077285,577.9300000000004
CNC1(C2(S)C=CNC=C2C)C(C23OC2C=C(C)C=C3C)=C(OC)NC(N)(N)C1(F)C1(Br)NCCC(NC(=O)Cl)O1,0.05203541845900951,677.041
CNC(O)(C#N)C1=C(NC2([SH]=O)C(=CC3=CCCC3)C(N)=NC(N)=C2C=O)C(=O)C(F)=C(C(N)=O)C1(N)F,0.05193289360875852,550.5480000000003
CCN1C=C(N)C(CCl)N=C1C1=C(C(F)(C=O)OC)C(O)=C(N(C2=C(NC(=N)S)C=CC=C2O)C(N)O)C=C1,0.05144861787142432,582.0580000000002
COC1(C)OC(C2=C(N3CC=CC3)OC(N)(F)C(O)C2(N=O)C2=C(C(N)Br)CC(C)=C(C)C2O)=C(NCS)CC1S,0.05067222979800554,678.6470000000002
CC1C(O)=CC=C(C(O)(F)C(F)(C2=C(O)C3(S)N(C)C=C(N(N)C=O)OC3(O)C(O)(F)S2)C2(O)CC=CC2)C1O,0.04994408786202719,611.6170000000001
CCCC1=C(OC2=C(Br)C(CF)(OC)NC(C(=O)C(C)(OC(F)=CS)[SH]=O)=C2F)C2(NCC(N)N)NC2(S)C(C(C)N)=C1N,0.049312447121946455,748.7139999999996
CC(=O)NCC12OC(C(=O)C(C)=O)C(=O)C(=O)C1(C1=C(C=CN)C(C(=O)ON)=C(C(=O)Br)C(F)=C1S)N2C=O,0.04814840403265875,629.3730000000003
CNc1ccc(C2(F)OC(C(S)Cl)=C(C(=O)CN)N(C3(CN=O)NC(C4=CCSC4)C4C=CC=CC4(O)N3)C2C(=O)Cl)c(N)c1,0.04727081538405072,700.6460000000002
CC#CC(=O)C1(O)OC(Cl)(C2(F)C(C3=C(Cl)C=CN(C4CO4)C3)=C(O)C=C(C#N)C2(O)S)N(O)C(C2=CC(C)N(C)CO2)=C1O,0.0471542841299154,685.514
C=C(C)C(=O)C(C)(O)NC1(OCN)C(N)=C(C2(Br)C=NC(CCC)(C(O)C=O)C=C2Cl)C(OC)(C2=CCC[SH]2CC)C(O)=C1F,0.045877134480259596,738.117
CNC(F)(C1=C(N)C2(F)N=C(C3(C=O)CC=NC=N3)C(ON)=C([SH]=O)C2(F)NC1NC(=O)O)C1(O)NC1=O,0.045719132150802665,563.4750000000001
CCCC1=C(OC)C(S)(NC)N(C2(F)C(CS)=C(N)SC(O)=C2SN(C)C2(CN)NC(N)(C(C)Br)O2)C(CF)=C1CC,0.045707589077242664,734.8249999999999
NCCNC(N)(O)C1=C(OC(=O)CN)C(N)=C(C2(N)OCC(N)=C(N)S2)C(N)(C(=O)CC(N)S)C1(F)SN,0.04558518979678252,599.7410000000002
C=C(CN)C1(C23CN=CC2C(N)NC(S)S3)C(NCBr)=C(O)C(F)C(N)(S)C1(C(N)(N)C#N)C(N)(S)C1=CNNC=C1,0.04538284226240066,723.7939999999998
CC1(O)C=C(C=O)C(C2=C(O)C3(N)C=CC=CC3C(O)(C(S)Cl)N2C(F)(C2(C(=N)N)C=NCC2)[SH](C)(N)=O)=CC1=O,0.04450049529822042,631.1520000000002
CC1=C(C)C(N(C(N)=O)C(O)([SH]=O)C(=O)OC(O)(F)C2=C(O)C=CNN2)(C(N)(F)C(=O)O)C(C=O)=CC1=O,0.04432294810083729,565.4640000000002
CCNC1=CC(O)(F)OC(NC(=O)CC(C)C)(N(C(N)(S)OC2CN2)C(C)(C=O)C2=CC(N)C(C)(O)N(C)C2)O1,0.04274570235184174,591.7070000000001
CC(O)C1=C(C2(NC=O)CC(N)=CN2)CC(C=O)=C(C2=C(F)C(F)=CC(F)(C(=O)N(CF)C3SCC(NS)=CC3O)N2CCl)C1,0.042542830981705845,695.161
CNC1C(C)N(C(=O)C(C)([SH]=O)N2C(=O)C(=O)C(OC(C)=O)(C3(NO)C=CC(N)=CO3)N=C2F)C(C)=C(C=O)C1(C)O,0.042427387454172884,614.6090000000003
CC1C(N(O)C2=C3CNC(N=O)=C3C(O)=C(O)C2)=C(C(C(N)=O)=C(O)NCCNC(O)O)C=CC1(O)F,0.04110020531393199,526.4780000000003
CCC1=CNCC(N(C(=O)O)C2=C(C(=O)C(=O)NC)C(=O)C(N3N=CSC(N(O)C(O)O)=C3C)=C(C(=O)S)C2(F)C(=O)F)C1,0.04031617372644987,660.6340000000002
CCC(O)(Cl)C1(NC)NNC(O)(NC2=C(NC)NC(Cl)=C(F)C2(NC(N)(N)Cl)C(=O)C(O)(OC)C(C)(CC)N=O)N1,0.039657590994507504,652.9440000000001
CC1=C(C2=C(N)OC(N)=C(S)C2(Cl)C(S)(N=C(N)NC(N)Cl)OC2=C(N(C)C)C(F)=C(F)N=C2F)C=CC(C(C)N)=C1,0.03951710032215348,668.5990000000002
CCC(N)(F)C(N)(C(N)(O)NC)C(NC)(C(C)=O)C(=O)C(N)C(=O)NC1(F)OC(=O)[SH]1(=O)C(N)=O,0.03913907158236705,532.5270000000002
CC(O)C(CN)OC(NC(N)(N)C(C)N)(C(=O)S)C1=C(F)N(C=O)C(N)(N)N(C(C)N)C1(F)C1(C(C)F)NN=C(N)S1,0.038735126381934035,647.7550000000001
CCN1C(N(C)N)=C(F)C(=O)OC1(F)C(=O)OC1=C(C=O)C(NO)=CC(NC2(N)CC=C(C(=O)Br)C2)(C(C)=O)O1,0.03872884775593484,635.3750000000001
CNC1(C(O)CNC(O)F)C(C(N)=C(N)O)=C(O)N(C(C)[SH]=O)C2(O)N(C(C(=O)S)C(C)(C)N)C12F,0.03826438817295439,561.634
CCOC(C)(N)C1=C(Br)C2(C(C(C)C)N(C)C=O)N(C(N)C(O)CN)C2(F)C(F)=C1N(C(=O)CNC)C(O)(CN)C(C)N,0.03825516196747802,684.6279999999999
CCCC1C(=O)NC(C23CCC(C(C)C4NC(C)O4)=CC2(N(CC)CBr)C(C(=O)C(=O)NC)=C(CC)C(F)=C3S)=C(CO)N1C(N)O,0.03712433371879158,743.741
CNC(N)(Cc1ccccc1)C(=O)NC(N=O)C([SH]=O)(C1=CCOC1)N1C(Cl)CC(=O)C(C)(N)N1C1=C(N)NC(F)=NN1C,0.03602999137007138,656.1449999999999
C=CC1=C(N)C(C)(CO)C(OC=O)=C(N(CN)C2=C(NC)NN3OC3(F)C2(COC)C(C)NC)C1(S)C#CO,0.035882295466617,569.6600000000002
CNC(N)(C(S)CO)C(O)(OC(C)(C)O)C1=C2C(=C(F)C(Br)=C1[SH]=O)N2C(O)(C(=O)F)N(C)C(CO)(NCN)C(C)(N)S,0.035565861455881385,742.6879999999998
CC1=CC(C)=C(S)C(F)(OC2(c3c(F)c(F)c(C(=O)C4(C=O)C=CCC4)c(OC(=O)N=O)c3C(=O)Br)OC=CC(F)=C2C=O)N1C,0.03541456987467132,729.4550000000004
CNCN(C)C1(Cl)NC(F)=C(F)OC1(N(S)CCCS)C(O)(F)C(=S=O)C1(Cl)OC(F)(C(O)C=O)S1,0.034401225246535674,641.5400000000003
CCOC(C)(C=O)C(OC(N)([SH]=O)C(C)(N)OC(C=O)NC)(c1c(N)c(F)c2c(c1O)N(C(C)O)C2)C(NC)(C(N)=O)C(C)S,0.033890564873917214,681.8100000000001
CNSC1=C(OC(S)(C(C)=O)C(C)(C)C2=CCC=C2)C(N)(F)N(C2(OC)NCNC(ON)(C(C)(C)C(N)(F)C=O)O2)C(=O)N1,0.033726982689712366,666.7740000000001
CC1CC(N)C(CO)C(N)N1C(N)(O)C1(F)NC(N)(C(=O)CO)C(N)(C2(Cl)C=CCC=C2)C(N)=C1C(=O)C=O,0.032667444274517385,575.0420000000004
CNC(F)(NC(C)=O)C1(NCN)C(=O)C(C(N)=O)(C(C)C(=O)F)C(F)([SH]=O)C(O)=C1C1(Cl)N=C(O)CN1,0.032339254963903614,575.9540000000001
C=C(O)OC1(Br)C(Br)=C(F)C(=O)C2(C(C(=O)NC(=CO)NCC)=C(CCO)C(O)(F)C(N)F)N(C)C12C(=O)C(=O)O,0.03138550236494069,722.2620000000003
CNC(O)(S)C(N)(C=O)C1=C(C=O)N2N(C(N)=O)C2(N)N(C)C1(F)C(N)(OC)C(N)(Cl)C(O)(O)CO,0.02949613300014945,561.9810000000003
CC(=O)C1=C(CO)C(N)=CC(C2(C(=O)C3CN3)NC(C3=CNC=C(C=O)C3)=C(C3([SH]=O)NC(C)=CCC3N)OC2=O)=C1N,0.029216101794613192,611.6810000000002
CCCC(C)C1(N(N)C2=CNCC2)C(Cl)=C(C(CC)[SH]=O)OC2(C(=O)C(F)(C(Br)=S=O)C(N)(N)CC=O)OCCC(C)=C21,0.025833480725937545,729.1349999999998
CCN1C2(C)C(C(O)CS)=C(N(C)CCCCOC)N(C(N)(CC)CNO)C(F)(Cl)C12C(=O)C(C)(NC)C(=O)NC,0.022538968842519536,626.2400000000001
CCOCC(=O)C1=C(C(N)=O)C(C(N)=O)(C23N(C#N)C(O)(OC(=O)O)C(N)=C(F)C2(N)N3C(C)O)C(CC(C)(N)Br)=C(Cl)[SH]1C,0.022453926139571742,743.997
CC1=C(S)C(O)(C2=C(C3(N=O)C=C(O)CC3)C(=CN)C(ON)(N(O)C(N)N)C(=O)O2)NC(O)=C1C(=S)NC(N)(F)Cl,0.02171586018938862,640.0760000000001
CC(=O)C(C(N)(NC=O)C(F)CN)C1(F)C2=C(Cl)C(O)(O)C=CC2(N2N=C(C(C)(O)F)COC2(C)O)C(F)=C(OC=NC=O)N1C=O,0.020656418389234404,699.9990000000003
CNCNS(=O)C(F)(C1=CN(CO)C2(C3(Cl)C=CC(C(C)N)C(C)=N3)OC2(CN)C1(CN)CC(=O)C=O)N(C)CN,0.019117437663657488,622.1680000000001
CNC1(C2=C(Cl)C(Cl)N(C(F)(S)C(=O)OC(=O)ON(C=O)C(CCCl)(C3=CSC(O)=CN3)C(O)C(=O)C3CN3)CC2)C=CCC=C1,0.018696754754008477,743.0630000000001
C#CC(OCF)C1(F)C(C)(N)C(C(C)(Br)C(N)N(C)C(=O)CN)=C(C)C2(OC(C)(Cl)NC#N)C1(C(=CO)NC)S2(=O)=O,0.018264621203950913,703.0070000000002
CNC(S)(NC(=C(N(C=O)CC(C)(C)O)N(C#N)C(=O)C1(Br)SC(F)(C(O)(F)C(O)(C(N)=O)C(=O)O)S1)N(C)C)C(N)=O,0.015615745492058113,739.5999999999999
