SMILES,Reward,Imp,MW,step,Sim
Cc1nn(C(-c2ncc([C@H])O2)(\C))c(C)c1([C@@H](\C)([NH+]1C(=C)C(=C[C@@H])N(C)1)),0.9272365204422777,0.3000668004835154,,1918,0.17272727272727273
Cc1nn(C(C(C)C#N)(\C))c(C)c1([C@@H]([NH+]1C(=C)C(=C[C@@H])N(C)1)),0.917856761304207,0.29068704134544476,,1925,0.17647058823529413
Cc1nn(C(c2cc(Cl)ccc2)(\C))c(C)c1([C@@H]([NH+]1C(=C)C(=C[C@@H])N(C)1)),0.9123146900185534,0.2851449700597911,,1925,0.22641509433962265
Cc1nn(C(S[C@@H](C))(\C))c(C)c1([C@@H]([NH+]1C(=C)C(=C[C@@H])N(C)1)),0.903556009552201,0.2763862895934387,,1982,0.16831683168316833
C(C)(C)c1nn(C(-c2ncc([C@H])O2)(\C))c(C)c1([C@@H]([NH+]1C(=C)C(=C[C@@H])N(C)1)),0.898327998891383,0.2711582789326208,,1963,0.14782608695652175
Cc1nn(C(-c2nc(/[C@H])([C@H])O2)(\C))c(C)c1([C@@H]([NH+]1C(=C)C(=C[C@@H])N(C)1)),0.8982034963663456,0.2710337764075833,,1946,0.1574074074074074
Cc1nn(C(-c2ncc([C@H])O2)(\C))c(C)c1([C@@H]([NH+]1C(C#N)C(=C[C@@H])N(C)1)),0.8977334154378513,0.2705636954790891,,1968,0.16071428571428573
Cc1nn(C(-c2ncc([C@H])O2)(\C))c(C)c1([C@@H]([NH+]1C(=C)C([C@H]2CCC[C@@H]2)N(C)1)),0.8822389976399473,0.25506927768118504,,1950,0.16101694915254236
Cc1nn(C(-c2nc(/C(C)C)([C@H])O2)(\C))c(C)c1([C@@H]([NH+]1C(=C)C(=C[C@@H])N(C)1)),0.8797383590326592,0.25256863907389693,,1922,0.16071428571428573
Cc1nn(C(-c2ncc(C=C)C(=O)O2)(\C))c(C)c1([C@@H]([NH+]1C(=C)C(=C[C@@H])N(C)1)),0.8689581204993071,0.24178840054054485,,1941,0.16379310344827586
Cc1nn(C(-c2ncc([C@H])O2)(\C))c(C(/C(C)))c1([C@@H]([NH+]1C(=C)C(=C[C@@H])N(C)1)),0.8665696573209943,0.23939993736223208,,1942,0.14655172413793102
Cc1nn(C(-c2ncc(O)[C@@H](C)O2)(\C))c(C)c1([C@@H]([NH+]1C(=C)C(=C[C@@H])N(C)1)),0.8617152274442164,0.2345455074854541,,1947,0.15789473684210525
Cc1nn(C(-c2ncc([C@H])O2)(\C))c(c2ccns2)1([C@@H]([NH+]1C(=C)C(=C[C@@H])N(C)1)),0.8578995087423811,0.23072978878361883,,1951,0.1322314049586777
Cc1nn(C(-c2ncc([C@H]3CCCC[C@H]3)2)(\C))c(C)c1([C@@H]([NH+]1C(=C)C(=C[C@@H])N(C)1)),0.8572205413832485,0.2300508214244863,,1957,0.15702479338842976
Cc1nn(C(-c2ncc([C@H])O2)(\C))c(C)c1([C@@H]([NH+]1C(=C)C(=C[C@@H])N(C)1)(\CCC)),0.8541401263830154,0.22697040642425315,,1903,0.16379310344827586
Cc1nn(C(-c2ncc([C@H])O2)(\C))c(C)c1([C@@H]([NH+]1C(=C)C([C@@H]2CCC(=O)[C@H]2)N(C)1)),0.8509923874697773,0.2238226675110151,,1931,0.16806722689075632
Cc1nn(C(-c2ncc([C@H])O2)(\C))c(C)c1([C@@H]([NH+]1C(=C)C(=C[C@@H](S[C@H]))N(C)1)),0.8484081512859144,0.22123843132715215,,1966,0.1565217391304348
Cc1nn(C(OC(N)=O)(\C))c(C)c1([C@@H]([NH+]1C(=C)C(=C[C@@H])N(C)1)),0.8478283526582217,0.2206586326994594,,1945,0.2
Cc1nn(C(-c2ncc([C@H])O2)(\C))c(C)c1([C@@H]([NH+]1C(=C)C(=C(C)S(=O)[C@@H])N(C)1)),0.846306897715693,0.21913717775693076,,1953,0.17543859649122806
Cc1nn(C(-c2ncc([C@H])O2)(\C))c(N2CCCC[C@@H]2)1([C@@H]([NH+]1C(=C)C(=C[C@@H])N(C)1)),0.8462338950248539,0.21906417506609166,,1915,0.1111111111111111
Cc1nn(C(-c2ncc([C@H])O2)(\C))c(C)c1([C@@H]([NH+]1C(=C(=S))C(=C[C@@H])N(C)1)),0.8443270850206432,0.217157365061881,,1997,0.16071428571428573
Cc1nn(C(-c2ncc([C@H])O2)(\C))c(C)c1([C@@H]([NH+]1C(=C)C(=C([C@@H]2C[C@H]2C)C)1)),0.8435247204939458,0.21635500053518353,,1924,0.168141592920354
Cc1nn(C(-c2ncc([C@H])O2)(\C))c(C)c1([C@@H]([NH+]1C(=C)C(=C(C([O-]))[C@@H])N(C)1)),0.8350501527868892,0.20788043282812696,,1907,0.1891891891891892
Cc1nn(C(S/C(=O))(\C))c(C)c1([C@@H]([NH+]1C(=C)C(=C[C@@H])N(C)1)),0.8329848217352328,0.20581510177647055,,1982,0.18
Cc1nn(C(-c2nc(O[C@@H](C)[C@@H])c([C@H])O2)(\C))c(C)c1([C@@H]([NH+]1C(=C)C(=C[C@@H])N(C)1)),0.8319315250269689,0.20476180506820663,,1917,0.15126050420168066
Cc1nn(C(-c2ncc([C@H])O2)(\C))c(C)c1([C@@H]([NH+]1C(=C)C(=C[C@@H])N(C)1)(SCC)),0.8299973977406166,0.2028276777818544,,1991,0.16379310344827586
Cc1nn(C(-c2ncc([C@H])O2)(\C))c(C)c1([C@@H]([NH+]1C(=C([NH+])[C@@H](C))C(=C[C@@H])N(C)1)),0.8256467504292148,0.1984770304704525,,1964,0.16379310344827586
Cc1nn(C(-c2ncc([C@H])O2)(\C))c(C)c1([C@@H]([NH+]1C(=C)C(=C(N(C(C)=O)C))1)),0.8252769777979729,0.19810725783921068,,1962,0.2
Cc1nn(C(-c2nc(c3ccccc3[O-])([C@H])O2)(\C))c(C)c1([C@@H]([NH+]1C(=C)C(=C[C@@H])N(C)1)),0.8228481868351509,0.19567846687638868,,1922,0.24347826086956523
Cc1nn(C(-c2nc(/[S-])([C@H])O2)(\C))c(C)c1([C@@H]([NH+]1C(=C)C(=C[C@@H])N(C)1)),0.8212318079149765,0.19406208795621427,,1946,0.1574074074074074
Cc1nn(C(-c2ncc([C@H])O2)(\C))c(C)c1([C@@H]([NH+]1C(=C)C(=C(N2CCOC2))1)),0.8190565684525594,0.1918868484937971,,1962,0.1440677966101695
Cc1nn(C(-c2ncc([C@H])O2)(\C))c(C)c1([C@@H]([NH+]1C(=C)C(NC(C)(C)C)1)),0.8143096932536726,0.1871399732949104,,1938,0.16216216216216217
Cc1nn(C(S)(\C))c(C)c1([C@@H]([NH+]1C(=C)C(=C[C@@H])N(C)1)),0.8141417858450504,0.18697206588628812,,1925,0.17894736842105263
Cc1nn(C(Sc2ccc(Cl)o2)(\C))c(C)c1([C@@H]([NH+]1C(=C)C(=C[C@@H])N(C)1)),0.8113705077467442,0.184200787787982,,1982,0.1926605504587156
Cc1nn(C(-c2ncc([C@H])O2)(\C))c(C)c1([C@@H]([NH+]1C(=C)C(=C([C@@H]([NH3+]))[C@@H])N(C)1)),0.8109409758406939,0.18377125588193166,,1907,0.168141592920354
Cc1nn(C(-c2ncc([C@H])O2)(\C))c(C)c1([C@@H]([NH+]1C([C@@H]2COC[C@@H]2C)N(C)1)),0.8099324286862727,0.18276270872751044,,1913,0.15517241379310345
Cc1nn(C(-c2ncc(c3ccc(OC)cc3)2)(\C))c(C)c1([C@@H]([NH+]1C(=C)C(=C[C@@H])N(C)1)),0.8097134470377527,0.18254372707899047,,1914,0.19834710743801653
Cc1(CC[C@@H][C@H])n(C(-c2ncc([C@H])O2)(\C))c(C)c1([C@@H]([NH+]1C(=C)C(=C[C@@H])N(C)1)),0.8082973655061944,0.1811276455474321,,1906,0.125
Cc1nn(C(-c2ncc([C@H])O2)(\C))c(C)c1([C@@H]([NH+]1C(=C)C(=C[C@@H])N(CCO)1)),0.8068164646149548,0.17964674465619257,,1909,0.1565217391304348
Cc1nn(C(-c2ncc([C@H])O2)(\C(C[C@@H](C)[C@H])))c(C)c1([C@@H]([NH+]1C(=C)C(=C[C@@H])N(C)1)),0.8059747717111213,0.17880505175235906,,1970,0.15966386554621848
Cc1nn(C(-c2ncc([C@H])O2)(\C))c(C)c1([C@@H]([NH+]1C(O[C@@])N(C)1)),0.8026430449925493,0.1754733250337871,,1956,0.17307692307692307
Cc1nn(C(-c2(CC(C)N)cc([C@H])O2)(\C))c(C)c1([C@@H]([NH+]1C(=C)C(=C[C@@H])N(C)1)),0.8005049209638341,0.17333520100507183,,1905,0.17699115044247787
Cc1nn(C(-c2ncc([C@H])O2)(\C))c(C)c1([C@@H]([NH+]1C(=C(CO[C@H]))N(C)1)),0.8003118112914034,0.17314209133264113,,1961,0.1743119266055046
Cc1nn(C(-c2ncc([C@H])O2)(\C))c([C@@H](SCC))c1([C@@H]([NH+]1C(=C)C(=C[C@@H])N(C)1)),0.7973316811640645,0.17016196120530225,,1965,0.14285714285714285
C(C(=O)C(C)(C)C)c1nn(C(-c2ncc([C@H])O2)(\C))c(C)c1([C@@H]([NH+]1C(=C)C(=C[C@@H])N(C)1)),0.7963077441000277,0.16913802414126544,,1963,0.16393442622950818
Cc1nn(C(-c2ncc([C@H])O2)(\C))c([C@@H]2CCCC[C@H]2O)c1([C@@H]([NH+]1C(=C)C(=C[C@@H])N(C)1)),0.7954214474953831,0.16825172753662088,,1965,0.11538461538461539
Cc1nn(C(-c2ncc([C@H])O2)(\C))c(C)c1([C@@H]([NH+]1C(=C([C@](C)(N)))N(C)1)),0.7931697524147434,0.16600003245598116,,1929,0.17592592592592593
Cc1nn(C(-c2nc(=O)CC[C@@H](C)C(=O)c([C@H])O2)(\C))c(C)c1([C@@H]([NH+]1C(=C)C(=C[C@@H])N(C)1)),0.7928263852011727,0.1656566652424104,,1917,0.15079365079365079
Cc1nn(C(-c2ncc([C@H](C3CC3)CC)2)(\C))c(C)c1([C@@H]([NH+]1C(=C)C(=C[C@@H])N(C)1)),0.7923919499758818,0.16522223001711955,,1914,0.15966386554621848
Cc1nn(C(-c2nc(C(=O)SCC)([C@H])O2)(\C))c(C)c1([C@@H]([NH+]1C(=C)C(=C[C@@H])N(C)1)),0.7862611821315835,0.15909146217282122,,1922,0.1826086956521739
Cc1nn(C(-c2ncc([C@H])O2)(\C))c(C)c1([C@@H](OC(=O)[C@])([NH+]1C(=C)C(=C[C@@H])N(C)1)),0.7853949548313666,0.15822523487260431,,1944,0.1810344827586207
Cc1nn(C(-c2ncc([C@H])O2)(\C))c(C)c1([C@@H]([NH+]1C(=C)C(=C(N2C(=O)N[C@@H]2C))1)),0.7817544769506017,0.1545847569918395,,1920,0.1623931623931624
Cc1nn(C(-c2ncc([C@H])O2)(\C))c(C(N2C[C@H]2))c1([C@@H]([NH+]1C(=C)C(=C[C@@H])N(C)1)),0.7816853896882935,0.15451566972953124,,1942,0.14285714285714285
Cc1nn(C(-c2(c3ccc(C(C)c(C)n3))cc([C@H])O2)(\C))c(C)c1([C@@H]([NH+]1C(=C)C(=C[C@@H])N(C)1)),0.7810610590205419,0.15389133906177965,,1905,0.16535433070866143
Cc1(Oc2c(C)cccc2)n(C(-c2ncc([C@H])O2)(\C))c(C)c1([C@@H]([NH+]1C(=C)C(=C[C@@H])N(C)1)),0.7810332635636842,0.15386354360492194,,1906,0.20491803278688525
C(c1CC[C@H](C)[C@H]1C)c1nn(C(-c2ncc([C@H])O2)(\C))c(C)c1([C@@H]([NH+]1C(=C)C(=C[C@@H])N(C)1)),0.7794146459245646,0.1522449259658023,,1939,0.13076923076923078
Cc1nn(C(-c2ncc([C@H])O2)(\C)(C[C@@H]([NH3+])))c(C)c1([C@@H]([NH+]1C(=C)C(=C[C@@H])N(C)1)),0.7789297403752891,0.1517600204165268,,1976,0.1440677966101695
Cc1nn(C(-c2ncc([C@H])O2)(\C)(C(N2CC(C)CC2)))c(C)c1([C@@H]([NH+]1C(=C)C(=C[C@@H])N(C)1)),0.7749906796059831,0.14782095964722086,,1976,0.13076923076923078
Cc1nn(C(-c2ncc([C@H])O2)(\C))c(C)c1([C@@H]([NH+]1C(=C(C)[C@@H](NC))N(C)1)),0.768496895908097,0.14132717594933475,,1961,0.17117117117117117
Cc1nn(C(-c2ncc([C@H])O2)(\C))c(C)c1([C@@H]([NH+]1C(=C)C(=C[C@@H])N(C)1)(\C(=O)NCC)),0.7680337071794745,0.14086398722071225,,1949,0.1864406779661017
Cc1nn(C(-c2ncc([C@H])O2)(\C))c(C)c1([C@@H]([NH+]1C(=C)C([NH+]2CCC[C@H]2)1)),0.7678821122010502,0.14071239224228793,,1999,0.15789473684210525
Cc1nn(C(S[NH+]2CC(C)(C)C2)(\C))c(C)c1([C@@H]([NH+]1C(=C)C(=C[C@@H])N(C)1)),0.7668068675774382,0.13963714761867596,,1982,0.15315315315315314
Cc1nn(C(-c2ncc([C@H])O2)(\C))c(C)c1([C@@H]([NH+]1C(CC(C)(C)[NH2+])C(=C[C@@H])N(C)1)),0.7659594441390609,0.13878972418029867,,1968,0.16101694915254236
Cc1nn(C(-c2ncc([C@H])O2)(\C))c(C)c1([C@@H]([NH+]1C(=C)C(N[C@@](C))N(C)1)),0.7652618697946709,0.13809214983590867,,1931,0.16071428571428573
Cc1nn(C(-c2nc(N[C@H](CC))([C@H])O2)(\C))c(C)c1([C@@H]([NH+]1C(=C)C(=C[C@@H])N(C)1)),0.7645051080594211,0.13733538810065882,,1922,0.15517241379310345
Cc1nn(C(-c2ncc([C@H])O2)(\C))c(C)c1([C@@H]([NH+]1C(=C)C([C@@H]2Nc2)N(C)1)),0.764407304694117,0.13723758473535475,,1983,0.16071428571428573
Cc1nn(C(-c2ncc([C@H])O2)(\C))c(C)c1([C@@H]([NH+]1C(=C)C(=C(CC[C@H]2COc2)[C@@H])N(C)1)),0.7633737691272172,0.13620404916845497,,1953,0.16129032258064516
Cc1nn(C(-c2ncc([C@H])O2)(\C))c(C)c1([C@@H]([NH+]1C(=C(C2CC(=O)CC(C)C2C))C(=C[C@@H])N(C)1)),0.7627556133190142,0.13558589336025195,,1927,0.14285714285714285
Cc1nn(C(-c2(N[C@](C)(CC))cc([C@H])O2)(\C))c(C)c1([C@@H]([NH+]1C(=C)C(=C[C@@H])N(C)1)),0.7620754860807525,0.13490576612199023,,1905,0.1724137931034483
Cc1nn(C(-c2ncc([C@H])O2)(\C))c(C([NH2+]/C))c1([C@@H]([NH+]1C(=C)C(=C[C@@H])N(C)1)),0.7614288544060717,0.13425913444730941,,1948,0.14655172413793102
Cc1nn(C(-c2ncc([C@H])O2)(\C))c(C)c1([C@@H]([NH+]1C(=C)C(=N/C(=O)CCCC)1)),0.7612209691350933,0.13405124917633104,,1955,0.19298245614035087
C(C[C@H](O)C)c1nn(C(-c2ncc([C@H])O2)(\C))c(C)c1([C@@H]([NH+]1C(=C)C(=C[C@@H])N(C)1)),0.7610566047288373,0.13388688477007504,,1963,0.15
Cc1nn(C(-c2nc(S(=O)(=O)C[C@H])c([C@H])O2)(\C))c(C)c1([C@@H]([NH+]1C(=C)C(=C[C@@H])N(C)1)),0.7607325889587607,0.13356286899999847,,1954,0.16806722689075632
Cc1nn(C(-c2ncc([C@H])O2)(\C))c(C)c1([C@@H]([NH+]1C(=C)C(=C[C@@H])N(C)1)([NH+]C1CC[C@@H]1)),0.7605522694848628,0.1333825495261005,,1903,0.1557377049180328
Cc1nn(C(-c2ncc([C@H])O2)(\C))c(C)c1([C@@H](NC(=O)C1CC1)([NH+]1C(=C)C(=C[C@@H])N(C)1)),0.7593034317529632,0.13213371179420097,,1985,0.1721311475409836
Cc1nn(C(-c2ncc([C@H])O2)(\C))c(C)c1([C@@H]([NH+]1C(=C([NH+](C(C)C)C))C(=C[C@@H])N(C)1)),0.7588271779356132,0.1316574579768509,,1927,0.15702479338842976
Cc1nn(C(-c2ncc([C@H])O2)(\C))c(C)c1([C@@H]([NH+]1C(=C)C(=C[C@@H])N(C)1)(S(=O)(=O)C(C)=C)),0.7571098518216521,0.12994013186288988,,1991,0.175
Cc1nn(C(-c2ncc([C@H])O2)(\C))c(C)c1([C@@H]([NH+]1C(=C)C(O[C@H]2CCCN2)(C)1)),0.755896442700674,0.12872672274191177,,1978,0.15126050420168066
Cc1nn(C(-c2nc(/c3cc(Cl)ccc3O)([C@H])O2)(\C))c(C)c1([C@@H]([NH+]1C(=C)C(=C[C@@H])N(C)1)),0.7544462922102568,0.12727657225149458,,1946,0.17886178861788618
Cc1nn(C(S(=O)(=O)C[C@@H](C)N)(\C))c(C)c1([C@@H]([NH+]1C(=C)C(=C[C@@H])N(C)1)),0.7492425724744266,0.12207285251566435,,1982,0.19811320754716982
Cc1nn(C(-c2ncc([C@H])O2)(\C))c(C)c1([C@@H]([NH+]1C(=C)C([NH+])1)),0.7485811953348752,0.12141147537611297,,1938,0.16831683168316833
Cc1nn(C(-c2ncc([C@H])O2)(\C))c(C)c1([C@@H]([NH+]1C(=C([NH+]2CC[C@@H]2C(C)))C(=C[C@@H])N(C)1)),0.7477454778171613,0.12057575785839902,,1964,0.15079365079365079
C([C@@H](C)[C@H](O)C)c1nn(C(-c2ncc([C@H])O2)(\C))c(C)c1([C@@H]([NH+]1C(=C)C(=C[C@@H])N(C)1)),0.7477295943329313,0.12055987437416904,,1939,0.14754098360655737
Cc1nn(C(-c2ncc([C@H]3CCCC(C)(O)N3C)O2)(\C))c(C)c1([C@@H]([NH+]1C(=C)C(=C[C@@H])N(C)1)),0.7464597983769209,0.11929007841815864,,1984,0.13740458015267176
Cc1nn(C(-c2ncc([C@H])O2)(\C))c(C)c1([C@@H]([NH+]1C([C@@H](OC)[C@H]2C[C@@H]2C)N(C)1)),0.7459919547913989,0.11882223483263665,,1992,0.15384615384615385
Cc1nn(C(O)N(C(=O)[C@H](C))(\C))c(C)c1([C@@H]([NH+]1C(=C)C(=C[C@@H])N(C)1)),0.7458274082357736,0.1186576882770114,,1945,0.19047619047619047
Cc1nn(C(-c2ncc([C@H])O2)(\C))c(C)c1([C@@H]([NH+]1C(=C(=C(C[C@H]2C[O-])C[C@H]2))C(=C[C@@H])N(C)1)),0.7445896983800278,0.1174199784212655,,1927,0.16535433070866143
Cc1nn(C(-c2ncc([C@H])O2)(\C))c(C)c1([C@@H]([NH+]1C(=C)C(=C[C@@H](SCC))N(C)1)),0.7441653117652391,0.1169955918064769,,1966,0.1623931623931624
Cc1nn(C(Oc2ccc(Cl)cc2NC(=O)C)(\C))c(C)c1([C@@H]([NH+]1C(=C)C(=C[C@@H])N(C)1)),0.7432653125723003,0.11609559261353808,,1945,0.211864406779661
Cc1nn(C(-c2ncc([C@H])O2)(\C))c([C@@H]2NCC(=O)N2C)c1([C@@H]([NH+]1C(=C)C(=C[C@@H])N(C)1)),0.7405647392764091,0.11339501931764684,,1923,0.13385826771653545
Cc1nn(C(-c2ncc([C@@H](C)c3ccccc3Cl)2)(\C))c(C)c1([C@@H]([NH+]1C(=C)C(=C[C@@H])N(C)1)),0.7401670733251958,0.11299735336643357,,1914,0.2457627118644068
Cc1nn(C(-c2ncc([C@H])O2)(\C))c(C)c1([C@@H](C([NH+]1CCCC1))([NH+]1C(=C)C(=C[C@@H])N(C)1)),0.7401201420304346,0.11295042207167239,,1918,0.15079365079365079
Cc1nn(C(-c2ncc([C@H])O2)(\C))c(C)c1([C@@H]([NH+]1C(=C(N(C2CCCC2)C(=O)C))N(C)1)),0.7378872856433102,0.11071756568454794,,1929,0.17886178861788618
Cc1nn(C(-c2ncc([C@H])O2)(\C))c(C)c1([C@@H]([NH+]1C(=C([C@@H](C)[NH2+]))N(C)1)),0.7370763783354413,0.10990665837667901,,1929,0.17592592592592593
Cc1nn(C(-c2ncc([C@H])O2)(\C))c(C)c1([C@@H]([NH+]1C(=C)C(=C(C)[C@@H](CC(N)=O))N(C)1)),0.7364931976129507,0.10932347765418848,,1967,0.1864406779661017
Cc1nn(C(-c2ncc([C@H])O2)(\C))c(C)c1([C@@H]([NH+]1C(=C)C(=C[C@@H](c2)NS(C2C))N(C)1)),0.7345193342001881,0.10734961424142586,,1928,0.14516129032258066
Cc1nn(C(-c2ncc([C@H])O2)(\C))c(C)c1([C@@H]([NH+]1C(=C)C(=C(CC[C@H]2C[C@H]2C[C@H]))N(C)1)),0.7320136409872094,0.1048439210284472,,1912,0.15079365079365079
Cc1nn(C(-c2ncc([C@@H](O)C(=O))O2)(\C))c(C)c1([C@@H]([NH+]1C(=C)C(=C[C@@H])N(C)1)),0.728772242191254,0.10160252223249178,,1941,0.16379310344827586
Cc1nn(C(-c2ncc([C@H])O2)(\C))c(C)c1([C@@H]([NH+]1C(=C)C(=C[C@@H])N(C(N(C(=O)C(C)C)))1)),0.7278205958524279,0.10065087589366561,,1975,0.19166666666666668
Cc1nn(C(-c2(C(=O)O[C@H]3CC[C@@H]3)cc([C@H])O2)(\C))c(C)c1([C@@H]([NH+]1C(=C)C(=C[C@@H])N(C)1)),0.7277188947956917,0.10054917483692949,,1960,0.18333333333333332
Cc1nn(C(-c2ncc([C@H])O2)(\C))c(C)c1([C@@H](O)c1N(CCOCc1)([NH+]1C(=C)C(=C[C@@H])N(C)1)),0.7266566136450316,0.0994868936862694,,1944,0.1450381679389313
Cc1nn(C(-c2ncc([C@H])O2)(\C))c(C)c1([C@@H]([NH+]1C(=C)C([C@H](N)C(=O)[C@@H](C))N(C)1)),0.7194351208301906,0.09226540087142832,,1931,0.1810344827586207
Cc1nn(C(-c2nc(C[NH+]C[C@H])c([C@H])O2)(\C))c(C)c1([C@@H]([NH+]1C(=C)C(=C[C@@H])N(C)1)),0.716260598514918,0.08909087855615572,,1995,0.15
C(C[NH+]/C)c1nn(C(-c2ncc([C@H])O2)(\C))c(C)c1([C@@H]([NH+]1C(=C)C(=C[C@@H])N(C)1)),0.7082620402412078,0.08109232028244551,,1963,0.14285714285714285
Cc1nn(C(-c2ncc([C@H])O2)(\C))c(C)c1([C@@H]([NH+]1C(=O)N(CS(=O)(=O)C)C(=C[C@@H])N(C)1)),0.7037680334773362,0.07659831351857393,,1934,0.17355371900826447
Cc1nn(C(-c2ncc([C@H])O2)(\C))c(C)c1([C@@H]([NH+]1C(=C([C@H]2SCC(=O)N2CC)[C@@H])N(C)1)),0.70152128525297,0.07435156529420772,,1902,0.17073170731707318
Cc1nn(C(-c2ncc([C@H])O2)(\C))c(C)c1([C@@H](N1CCC[C@H](CCC)C1)([NH+]1C(=C)C(=C[C@@H])N(C)1)),0.7010213207752055,0.07385160081644326,,1985,0.1417910447761194
Cc1nn(C(-c2ncc([C@H])O2)(\C))c(N(c2ccc(Cl)cc2)CC)1([C@@H]([NH+]1C(=C)C(=C[C@@H])N(C)1)),0.7004827193454969,0.07331299938673463,,1986,0.18110236220472442
Cc1nn(C(-c2ncc([C@H])O2)(\C))c(C)c1([C@@H]([NH+]1C(=C)C(=C[C@@H])N(C)1)(CC[C@@H](CC))),0.6982355668415978,0.07106584688283557,,1903,0.1557377049180328
Cc1nn(C(-c2ncc([C@H])O2)(\C))c(C)c1([C@@H]([NH+]1C(=C)C(=C[C@@H])N(c2nncnc2C)1)),0.6930387945150739,0.06586907455631164,,1909,0.15079365079365079
Cc1nn(C(-c2ncc([C@H])O2)(\C))c(C)c1([C@@H]([NH+]1C(=C(\c2ccc(F)cc2))N(C)1)),0.6925504339829274,0.06538071402416512,,1913,0.20689655172413793
Cc1nn(C(-c2ncc([C@H])O2)(\C([C@H](C(=O)[O-])CC)))c(C)c1([C@@H]([NH+]1C(=C)C(=C[C@@H])N(C)1)),0.6902978920838337,0.06312817212507149,,1916,0.18181818181818182
Cc1nn(C(-c2ncc([C@H])O2)(\C))c(C)c1([C@@H]([NH+]1C(=C)C(=C[C@@H](C[C@H](C)C(=O)N))N(C)1)),0.6894833739597331,0.062313654000970886,,1998,0.19166666666666668
Cc1nn(C(-c2ncc([C@H])O2)(\C))c(C)c1([C@@H]([NH+]1C(=C)C(=C[C@@H](/C=C/SCC)C)1)),0.6884631823419473,0.061293462383185005,,1904,0.16806722689075632
Cc1(Nc2ccc(Cl)cc2)C(=O)n(C(-c2ncc([C@H])O2)(\C))c(C)c1([C@@H]([NH+]1C(=C)C(=C[C@@H])N(C)1)),0.6865490037169956,0.059379283758233314,,1906,0.16030534351145037
Cc1nn(C(-c2ncc([C@H])O2)(\C))c(C)c1([C@@H]([NH+]1C(=C)C(=C(CS(=O)(=O))[C@@H])N(C)1)),0.6860825290617825,0.058912809103020214,,1953,0.19130434782608696
Cc1nn(C(-c2ncc([C@H])O2)(\C))c(C)c1([C@@H]([NH+]1C(=C)C(=C[C@@H])N(-c2ccc(Cl)cc2)1)),0.683949808776256,0.056780088817493746,,1909,0.1885245901639344
Cc1nn(C(-c2ncc([C@H])O2)(\C))c(C)c1([C@@H]([NH+]1C(=C)C(=C(N)C(N))1)),0.6820032556142903,0.054833535655528065,,1962,0.17592592592592593
Cc1nn(C(-c2ncc([C@H])O2)(\C))c(NC(=O)C[C@H](C)[C@](C))1([C@@H]([NH+]1C(=C)C(=C[C@@H])N(C)1)),0.6807117649770213,0.0535420450182591,,1986,0.1532258064516129
Cc1nn(C(-c2(C[C@@H](O)c3cscc3C)cc([C@H])O2)(\C))c(C)c1([C@@H]([NH+]1C(=C)C(=C[C@@H])N(C)1)),0.6798877109668702,0.05271799100810792,,1960,0.16535433070866143
Cc1nn(C(-c2ncc([C@H])O2)(\C))c(C)c1([C@@H]([NH+]1C(=C)C(=C[C@@H])N(C(N2CC[NH2+][C@H]3CCC[C@@H]23))1)),0.6791397006519632,0.05196998069320091,,1975,0.13138686131386862
Cc1nn(C(-c2ncc([C@H])O2)(\C(=C(/C(=O)[O-])CC)))c(C)c1([C@@H]([NH+]1C(=C)C(=C[C@@H])N(C)1)),0.6769235549377373,0.04975383497897501,,1916,0.18181818181818182
Cc1nn(C(-c2ncc([C@H])O2)(\C))c(N2CC(=O)C[C@@H]2CO)1([C@@H]([NH+]1C(=C)C(=C[C@@H])N(C)1)),0.6733179480378014,0.04614822807903918,,1986,0.11627906976744186
Cc1nn(C(-c2ncc([C@H])O2)(\C))c(C)c1([C@@H]([NH+]1C(=C)C(=C[C@@H](n2CC(=O)N2CCC))1)),0.6732455258096139,0.04607580585085169,,1901,0.16
Cc1nn(C(-c2ncc([C@H])O2)(=C(c2ccccc2)N))c(C)c1([C@@H]([NH+]1C(=C)C(=C[C@@H])N(C)1)),0.6721890671928753,0.04501934723411305,,1911,0.23333333333333334
Cc1nn(C(-c2ncc([C@H])O2)(n2ccc(C)c2CC))c(C)c1([C@@H]([NH+]1C(=C)C(=C[C@@H])N(C)1)),0.6713757085320472,0.04420598857328495,,1911,0.16666666666666666
Cc1nn(C(-c2ncc([C@H](O)[C@H]3CCCCC3(C(F)))O2)(\C))c(C)c1([C@@H]([NH+]1C(=C)C(=C[C@@H])N(C)1)),0.6706280304472402,0.043458310488477925,,1935,0.1417910447761194
Cc1nn(C(-c2ncc([C@H])O2)(\C))c(C)c1([C@@H]([NH+]1C([C@@H]2C[C@H](SCC)N2C(=O)C)N(C)1)),0.6705402844467865,0.04337056448802423,,1992,0.18032786885245902
Cc1nn(C(-c2ncc(OCC(C)C(=O)N)O2)(\C))c(C)c1([C@@H]([NH+]1C(=C)C(=C[C@@H])N(C)1)),0.6694335067390301,0.042263786780267876,,1947,0.19166666666666668
Cc1nn(C(-c2ncc([C@H])O2)(\C))c(C)c1([C@@H]([NH+]1C(=C)C(=C(c2ccccc2OC))N(C)1)),0.6682653951156612,0.041095675156898936,,1912,0.23333333333333334
Cc1nn(C(-c2ncc([C@H])O2)(\C))c(C)c1([C@@H]([NH+]1C(=C)C(=C[C@@H])N(C(OCC(=O)N))1)),0.6673906922140325,0.040220972255270215,,1932,0.175
Cc1nn(C(-c2ncc([C@H])O2)(\C))c(C([NH2+][C@@H]2CCOC[C@H]2C))c1([C@@H]([NH+]1C(=C)C(=C[C@@H])N(C)1)),0.6669924025670895,0.03982268260832722,,1948,0.12686567164179105
Cc1nn(C(-c2ncc([C@H])O2)(\C))c(C)c1([C@@H]([NH+]1C(=C)C(=C[C@@H])N(C)1)(\c1c(F)cc(F)cc1)),0.6664550073447895,0.03928528738602721,,1949,0.18253968253968253
Cc1nn(C(-c2ncc([C@H])O2)(\C))c(C)c1([C@@H]([NH+]1C(=C)C(=C[C@@H](C(C)=C(CC#N)[C@@H](O)))N(C)1)),0.6660600491012864,0.038890329142524105,,1998,0.15503875968992248
Cc1nn(C(-c2ncc([C@H])O2)(\C))c(c2ccccc2OC(=O)N[C@H])1([C@@H]([NH+]1C(=C)C(=C[C@@H])N(C)1)),0.6643281093851318,0.03715838942636951,,1915,0.2047244094488189
Cc1nn(C(-c2ncc([C@H](C)c3nn(C)cc3)O2)(\C))c(C)c1([C@@H]([NH+]1C(=C)C(=C[C@@H])N(C)1)),0.6642850381197785,0.03711531816101621,,1984,0.176
Cc1nn(C(-c2ncc([C@H])O2)(\C))c(C[C@H](C)C(=O)N[C@@H](C)[C@H])1([C@@H]([NH+]1C(=C)C(=C[C@@H])N(C)1)),0.6636779839861291,0.036508264027366844,,1915,0.15079365079365079
Cc1(O)[C@H](C(=O)(N))n(C(-c2ncc([C@H])O2)(\C))c(C)c1([C@@H]([NH+]1C(=C)C(=C[C@@H])N(C)1)),0.6621590690020286,0.03498934904326634,,1958,0.14285714285714285
Cc1nn(C(-c2ncc([C@H](OCC(N)))O2)(\C))c(C)c1([C@@H]([NH+]1C(=C)C(=C[C@@H])N(C)1)),0.6602296029180996,0.03305988295933737,,1974,0.15833333333333333
Cc1nn(C(-c2ncc([C@H]([C@](O)(CO)))O2)(\C))c(C)c1([C@@H]([NH+]1C(=C)C(=C[C@@H])N(C)1)),0.6583548223661798,0.031185102407417564,,1935,0.1694915254237288
Cc1nn(C(-c2ncc([C@H])O2)(\C))c(C)c1([C@@H]([NH+]1C(=C)C(=C[C@@H](C(=O)[C@@H]([NH3+])C[C@@H]))N(C)1)),0.6547862242421518,0.027616504283389576,,1928,0.18181818181818182
Cc1nn(C(-c2ncc([C@H])O2)(\C))c(C([NH2+]C[C@@H](C)))c1([C@@H]([NH+]1C(=C)C(=C[C@@H])N(C)1)),0.6547434368486885,0.02757371688992627,,1942,0.13934426229508196
Cc1nn(C(-c2ncc([C@H])O2)(\C)(C(=O)[C@H]2CCCCO[C@H]2C(F)))c(C)c1([C@@H]([NH+]1C(=C)C(=C[C@@H])N(C)1)),0.6546019430803195,0.027432223121557242,,1910,0.14492753623188406
Cc1nn(C(-c2ncc([C@H])O2)(\C))c(C)c1([C@@H](Oc1ccccc1[C@@H])([NH+]1C(=C)C(=C[C@@H])N(C)1)),0.6537050537088093,0.02653533375004702,,1944,0.22950819672131148
Cc1nn(C(-c2ncc([C@H])O2)(\C(CC(C)(C)[C@@H](C)OC)))c(C)c1([C@@H]([NH+]1C(=C)C(=C[C@@H])N(C)1)),0.6520385900831626,0.02486887012440031,,1970,0.14728682170542637
C(N[C@H]1CCC[C@@H]1C(C)(C))c1nn(C(-c2ncc([C@H])O2)(\C))c(C)c1([C@@H]([NH+]1C(=C)C(=C[C@@H])N(C)1)),0.6497477125347784,0.022577992576016115,,1939,0.13333333333333333
Cc1nn(C(-c2nc(CC[C@H](CO)[C@H](C))c([C@H])O2)(\C))c(C)c1([C@@H]([NH+]1C(=C)C(=C[C@@H])N(C)1)),0.6488409318965965,0.021671211937834278,,1995,0.140625
Cc1nn(C(-c2ncc([C@H])O2)(\C))c(C)c1([C@@H]([NH+]1C(=C)C(=C(O[C@@H](C(=O)[O-]))[C@@H])N(C)1)),0.646853596725428,0.01968387676666572,,1907,0.1864406779661017
Cc1nn(C(-c2ncc([C@H])O2)(\C))c(C)c1([C@@H]([NH+]1C(=C(CCC[C@@H]2C[C@H]2C)C[C@@H])N(C)1)),0.6461224356748112,0.01895271571604895,,1908,0.16129032258064516
Cc1nn(C(-c2ncc([C@H])O2)(\C))c(C)c1([C@@H](N[C@@H](C)CO)([NH+]1C(=C)C(=C[C@@H])N(C)1)),0.6460770098942229,0.018907289935460647,,1985,0.16666666666666666
Cc1nn(C(-c2ncc([C@H])O2)(\C))c(C)c1([C@@H]([NH+]1C(CCc2ccccc2)C(=C[C@@H])N(C)1)),0.6446095529918414,0.017439833033079166,,1934,0.2627118644067797
Cc1nn(C(-c2ncc([C@H](CCN3C(=O)C[C@@H](C)OC3))O2)(\C))c(C)c1([C@@H]([NH+]1C(=C)C(=C[C@@H])N(C)1)),0.6424235084425365,0.015253788483774233,,1935,0.14705882352941177
Cc1nn(C(-c2ncc([C@H])O2)(\C))c(C)c1([C@@H]([NH+]1C(=C)C([C@@H](O)COC(=O)C)N(C)1)),0.6406013805364745,0.013431660577712279,,1983,0.1864406779661017
Cc1nn(C(-c2ncc([C@H])O2)([C@]2(C)[C@H](C)NC2S))c(C)c1([C@@H]([NH+]1C(=C)C(=C[C@@H])N(C)1)),0.6387001476423517,0.011530427683589473,,1911,0.1349206349206349
Cc1nn(C(-c2ncc([C@H])O2)(\C(CN(CCO)C)))c(C)c1([C@@H]([NH+]1C(=C)C(=C[C@@H])N(C)1)),0.6375382642538429,0.010368544295080606,,1970,0.152
Cc1nn(C(-c2ncc([C@H])O2)(\C))c(C)c1([C@@H]([NH+]1C(=C)C(C(N)c2cccnc2)1)),0.6374962375984872,0.01032651763972492,,1938,0.19658119658119658
Cc1nn(C(-c2ncc([C@H])O2)(\C))c(C)c1([C@@H]([NH+]1C(=C)C(=C([C@H]2CCC[C@@H]2NC(=O)N))N(C)1)),0.6371111967773236,0.00994147681856139,,1912,0.16279069767441862
Cc1nn(C(-c2ncc([C@H])O2)(\C))c(C)c1([C@@H]([NH+]1C(=C)C(=C(\Cc2ccc(F)cc2)C)1)),0.6370894945619122,0.009919774603149967,,1938,0.2184873949579832
Cc1nn(C(-c2nc(c3cccc(Br)c3C#CC)([C@H])O2)(\C))c(C)c1([C@@H]([NH+]1C(=C)C(=C[C@@H])N(C)1)),0.6342466042020657,0.0070768842433034385,,1981,0.1796875
Cc1nn(C(-c2ncc(O)[C@@H](c3ccccc3CO)O2)(\C))c(C)c1([C@@H]([NH+]1C(=C)C(=C[C@@H])N(C)1)),0.6334412103174634,0.006271490358701115,,1941,0.23387096774193547
Cc1nn(C(-c2ncc([C@H](c3C[NH+]3CCC))O2)(\C))c(C)c1([C@@H]([NH+]1C(=C)C(=C[C@@H])N(C)1)),0.6314461657900595,0.004276445831297271,,1935,0.15079365079365079
Cc1nn(C(-c2ncc([C@H])O2)(\C))c(C)c1([C@@H]([NH+]1C(=C)C(=C(C#N)N(C))1)),0.6293567496291669,0.0021870296704046277,,1955,0.17117117117117117
Cc1nn(C(-c2ncc([C@H])O2)(\C))c(C)c1([C@@H]([NH+]1C(=C(C(=O)[C@@H](C)C))N(C)1)),0.6278943677965505,0.0007246478377882504,,1961,0.2
Cc1nn(C(-c2ncc([C@H])O2)(\C(O)2SCCN2C(=O)))c(C)c1([C@@H]([NH+]1C(=C)C(=C[C@@H])N(C)1)),0.6266152485352456,-0.0005544714235166115,,1916,0.13076923076923078
Cc1nn(C(-c2ncc([C@H])O2)(\C))c(C)c1([C@@H]([NH+]1C(=C)C(COC(=O)/C)(C)1)),0.6255427551230549,-0.0016269648357073452,,1930,0.2
Cc1nn(C([C@](C)(O)CNC(=O)CCC)(\C))c(C)c1([C@@H]([NH+]1C(=C)C(=C[C@@H])N(C)1)),0.624340276388523,-0.0028294435702392873,,1925,0.1826086956521739
Cc1nn(C(-c2ncc([C@H])O2)(\C))c(C)c1([C@@H]([NH+]1C(=C)C(=C[C@@H])N(C)1)(c1cc(C)sc1C[NH+])),0.6238879524845352,-0.0032817674742270375,,1903,0.15503875968992248
Cc1nn(C(-c2ncc([C@H])O2)(\C))c(C)c1([C@@H]([NH+]1C(=C)C(=C[C@@H](C=CNS))N(C)1)),0.6237213397337709,-0.0034483802249913875,,1998,0.1487603305785124
Cc1nn(C(-c2ncc([C@H])O2)(\C))c(C)c1([C@@H]([NH+]1C(=C)C(=C(N([NH+]=C2CCOCC2)C))N(C)1)),0.6159988069521616,-0.011170913006600669,,1912,0.14393939393939395
Cc1nn(C(-c2ncc([C@H])O2)(\C))c(C)c1([C@@H]([NH+]1C(=C)C(=C[C@@H])N(C([C@H](CC(=O)NC2CCC2)))1)),0.6158369786795536,-0.011332741279208691,,1932,0.1590909090909091
Cc1nn(C(-c2ncc([C@H])O2)(\C))c(C(OCCNC))c1([C@@H]([NH+]1C(=C)C(=C[C@@H])N(C)1)),0.6151642213483935,-0.012005498610368703,,1990,0.136
Cc1nn(C(-c2ncc([C@H])O2)(\C))c(C)c1([C@@H]([NH+]1C(=C(C[NH+](CC)C[C@@H](C)C))N(C)1)),0.6131504428871438,-0.01401927707161843,,1961,0.1652892561983471
Cc1nn(C(Nc2cc(C)ccc2C)(-c2ncc([C@H])O2)(\C))c(C)c1([C@@H]([NH+]1C(=C)C(=C[C@@H])N(C)1)),0.6130225697254671,-0.014147150233295158,,1943,0.16030534351145037
Cc1nn(C(-c2(CCC[NH+](CC))cc([C@H])O2)(\C))c(C)c1([C@@H]([NH+]1C(=C)C(=C[C@@H])N(C)1)),0.6121229661623224,-0.015046753796439827,,1960,0.15702479338842976
Cc1(OCCS(=O)(=O)N)n(C(-c2ncc([C@H])O2)(\C))c(C)c1([C@@H]([NH+]1C(=C)C(=C[C@@H])N(C)1)),0.612022356435675,-0.01514736352308721,,1958,0.136
Cc1nn(C(-c2ncc([C@H])O2)(\C)(CCn2nncc2C))c(C)c1([C@@H]([NH+]1C(=C)C(=C[C@@H])N(C)1)),0.6116466978044728,-0.015523022154289468,,1976,0.1450381679389313
Cc1nn(C(-c2ncc([C@H])O2)(\C))c(C)c1([C@@H]([NH+]1C(=C)C(=C[C@@H])N(C(N[C@](C)(C)O))1)),0.6095897144074414,-0.017580005551320887,,1932,0.15702479338842976
Cc1nn(C(-c2ncc([C@H])O2)(\C))c(C)c1([C@@H]([NH+]1C(=C(c2ccccc2OC(C)))C(=C[C@@H])N(C)1)),0.6062138855818954,-0.020955834376866878,,1927,0.232
Cc1nn(C(-c2nc(SC(=O))c([C@H])O2)(\C))c(C)c1([C@@H]([NH+]1C(=C)C(=C[C@@H])N(C)1)),0.6060827540002174,-0.021086965958544868,,1954,0.15384615384615385
Cc1nn(C(-c2ncc([C@H])O2)(\C))c(C)c1([C@@H]([NH+]1C(=C(NC(=O)c2cscc2))C(=C[C@@H])N(C)1)),0.6051629742812954,-0.022006745677466855,,1927,0.1984126984126984
Cc1nn(C(-c2ncc([C@H])O2)(\C))c(c2cccc(N)c2Cl)c1([C@@H]([NH+]1C(=C)C(=C[C@@H])N(C)1)),0.6031800913045114,-0.023989628654250805,,1923,0.16666666666666666
Cc1nn(C(-c2nc(CNC(=O)[C@H]3CCC[C@H]3OC)c([C@H])O2)(\C))c(C)c1([C@@H]([NH+]1C(=C)C(=C[C@@H])N(C)1)),0.6029930833146837,-0.024176636644078542,,1995,0.15328467153284672
Cc1nn(C(-c2ncc([C@H])O2)(\C))c(C)c1([C@@H]([NH+]1C(=C)C(=C[C@@H])N(C)1)(N(c1ccccc1Cl)C)),0.6022901687882581,-0.02487955117050411,,1903,0.23577235772357724
Cc1nn(C(-c2ncc([C@H])O2)(\C))c(C)c1([C@@H]([NH+]1C(=C)C(=C[C@@H])N(C(c2S(=O)(=O)N2CCC))1)),0.6022040642401189,-0.024965655718643398,,1932,0.1640625
Cc1nn(C(-c2ncc([C@H])O2)(\C))c(C)c1([C@@H]([NH+]1C(=C)C(=O)[C@@H]2CCCN2S(C)1)),0.6013699514277017,-0.025799768531060585,,1955,0.15833333333333333
Cc1nn(C(-c2ncc([C@H])O2)(\C))c(C)c1([C@@H]([NH+]1C(=C)C(=C[C@@H](/c2cc(Cl)ccc2)C)1)),0.6003337971907323,-0.02683592276802993,,1971,0.2184873949579832
Cc1nn(C(-c2ncc([C@H](Oc3cccc(F)c3C))O2)(\C))c(C)c1([C@@H]([NH+]1C(=C)C(=C[C@@H])N(C)1)),0.5996502487088896,-0.02751947124987264,,1974,0.18604651162790697
Cc1nn(C(Oc2ccccc2NC(=O)CS)(\C))c(C)c1([C@@H]([NH+]1C(=C)C(=C[C@@H])N(C)1)),0.5961224941062673,-0.031047225852494975,,1925,0.2743362831858407
Cc1nn(C(-c2ncc([C@H])O2)(\C))c(C)c1([C@@H]([NH+]1C(=C(-c2ccc(C(N)=O)cc2)[C@@H])N(C)1)),0.5954194058011518,-0.031750314157610426,,1902,0.225
Cc1nn(C(-c2ncc([C@H])O2)(\C))c(C)c1([C@@H]([NH+]1C(=C)C(=C[C@@H](/C(=C/C#N)N)C)1)),0.5932266777834886,-0.03394304217527366,,1971,0.1694915254237288
Cc1nn(C(CN(c2ccsn2))(-c2ncc([C@H])O2)(\C))c(C)c1([C@@H]([NH+]1C(=C)C(=C[C@@H])N(C)1)),0.5929040511247146,-0.03426566883404769,,1979,0.15625
Cc1nn(C(-c2ncc([C@H])O2)(\C))c(C(Cc2ccc(Cl)s2))c1([C@@H]([NH+]1C(=C)C(=C[C@@H])N(C)1)),0.5921388457895945,-0.035030874169167725,,1942,0.15625
Cc1(Oc2ccccc2[C@@H](C)N[C@H])n(C(-c2ncc([C@H])O2)(\C))c(C)c1([C@@H]([NH+]1C(=C)C(=C[C@@H])N(C)1)),0.5919649811516076,-0.03520473880715469,,1958,0.19230769230769232
Cc1nn(C(-c2ncc([C@H])O2)(\C))c(C)c1([C@@H]([NH+]1C(=C)C(=C(C[C@H](C)CN2C(=O)[C@H]2CO))1)),0.5918318521153048,-0.03533786784345749,,1920,0.16666666666666666
Cc1nn(C(C(=O)CS(=O)(=O))(-c2ncc([C@H])O2)(\C))c(C)c1([C@@H]([NH+]1C(=C)C(=C[C@@H])N(C)1)),0.5905801355413568,-0.03658958441740545,,1979,0.17355371900826447
Cc1nn(C(-c2ncc([C@H])O2)(\C))c(C([NH2+]C[C@H](C2CCCC2)))c1([C@@H]([NH+]1C(=C)C(=C[C@@H])N(C)1)),0.5894575784574712,-0.0377121415012911,,1948,0.11764705882352941
Cc1nn(C(-c2ncc([C@H])O2)(\C(c2c(Br)cccn2)))c(C)c1([C@@H]([NH+]1C(=C)C(=C[C@@H])N(C)1)),0.589434764656936,-0.037734955301826245,,1916,0.1746031746031746
Cc1nn(C(-c2ncc(N(c3ccc(F)c(Cl)c3))O2)(\C))c(C)c1([C@@H]([NH+]1C(=C)C(=C[C@@H])N(C)1)),0.5891958431587148,-0.03797387680004749,,1941,0.18110236220472442
Cc1nn(C(-c2ncc([C@H])O2)(c2cccc(F)c2)NC(=O)(\C))c(C)c1([C@@H]([NH+]1C(=C)C(=C[C@@H])N(C)1)),0.5878364044458063,-0.039333315512955935,,1937,0.20155038759689922
Cc1nn(C(-c2ncc([C@H])O2)(\C))c(C)c1([C@@H]([NH+]1C(=C)C(=C[C@@H])N(c2ccccc2[N+]C(=O))1)),0.5860775412073435,-0.041092178751418795,,1959,0.22764227642276422
Cc1nn(C(-c2ncc([C@H])O2)(\C))c(CN(C(=O)c2ccon2)C)c1([C@@H]([NH+]1C(=C)C(=C[C@@H])N(C)1)),0.5857731016045529,-0.04139661835420938,,1923,0.18604651162790697
Cc1nn(C(-c2ncc([C@H])O2)(\C))c(C)c1([C@@H]([NH+]1C(=C)C(=C[C@@H](Sc2cocn2))N(C)1)),0.585663146803664,-0.0415065731550982,,1966,0.15873015873015872
Cc1nn(C(-c2ncc([C@H])O2)(\C))c(C)c1([C@@H]([NH+]1C(=C([C@@H]2NC(=O)c2)[C@@H])N(C)1)),0.5846956756506728,-0.04247404430808943,,1969,0.17391304347826086
Cc1nn(C(-c2ncc([C@H])O2)(\C))c(C)c1([C@@H]([NH+]1C(=C)C(=C(=[NH+]\C))1)),0.5822693583192879,-0.04490036163947431,,1993,0.16822429906542055
Cc1nn(C(-c2ncc([C@H])O2)(\C))c(C)c1([C@@H]([NH+]1C(C[C@@H](C)N2C(=O)[C@@H]2CO[C@H])C(=C[C@@H])N(C)1)),0.5755726379139355,-0.051597082044826714,,1968,0.16030534351145037
Cc1nn(C(-c2ncc([C@H])O2)(\C))c(C)c1([C@@H]([NH+]1C(=C)C(=C(N\[C@H](c2cc(Cl)ccc2)))1)),0.5751900933792654,-0.05197962657949684,,1962,0.19672131147540983
C(C/NC(=S)N)c1nn(C(-c2ncc([C@H])O2)(\C))c(C)c1([C@@H]([NH+]1C(=C)C(=C[C@@H])N(C)1)),0.5747176130554482,-0.05245210690331403,,1963,0.13709677419354838
Cc1nn(C(-c2ncc([C@H])O2)(\C))c(C)c1([C@@H]([NH+]1C(O)[C@@H](CCOc2ccccc2)N(C)1)),0.5725464382499565,-0.054623281708805704,,1956,0.2627118644067797
Cc1nn(C(-c2ncc([C@H])O2)(\C))c(C)c1([C@@H]([NH+]1C(=C)C(=C[C@@H](Nc2cc(F)ccc2F))1)),0.572376641398326,-0.05479307856043625,,1972,0.1746031746031746
Cc1nn(C(-c2ncc([C@H])O2)(\C))c(C)c1([C@@H]([NH+]1C(COc2ccccc2OC)C(=C[C@@H])N(C)1)),0.5722206724638715,-0.05494904749489071,,1968,0.232
Cc1nn(C(-c2ncc([C@H])O2)(\C))c(C)c1([C@@H]([NH+]1C(=C)C([C@H]([NH3+])Cc2ccc(Cl)cc2)N(C)1)),0.5714269070146744,-0.055742812944087894,,1950,0.2
Cc1nn(C(-c2ncc([C@H])O2)(O)CC[NH+](C))c(C)c1([C@@H]([NH+]1C(=C)C(=C[C@@H])N(C)1)),0.5703430114705096,-0.056826708488252664,,1911,0.14049586776859505
C([C@@H]1C[C@H]([NH3+])CC[NH2+][C@H]1)c1nn(C(-c2ncc([C@H])O2)(\C))c(C)c1([C@@H]([NH+]1C(=C)C(=C[C@@H])N(C)1)),0.5690026917543852,-0.058167028204377025,,1988,0.12686567164179105
Cc1nn(C(-c2ncc([C@H])O2)(\C))c(C)c1([C@@H]([NH+]1C(=C(=C(C#N)CN(C)C))C(=C[C@@H])N(C)1)),0.5669950665247802,-0.060174653433982095,,1997,0.168
Cc1nn(C(-c2ncc([C@H])O2)(\C))c(C)c1([C@@H]([NH+]1C(=C)C(=C[C@@H])N([C@@H]2C(=O)NC2=S)1)),0.5605872940902321,-0.06658242586853014,,1909,0.14634146341463414
Cc1nn(C(-c2ncc([C@H])O2)(\C))c(C)c1([C@@H]([NH+]1C(=C)C(=C[C@@H])N(OC[C@@H](C)CNC(=O))1)),0.5574609054889847,-0.0697088144697775,,1909,0.16666666666666666
Cc1nn(C(-c2ncc([C@H])O2)(\C))c(C)c1([C@@H]([NH+]1C(=C)C([C@@H](C)[C@](C)(C)OC(=O))1)),0.5568531492408261,-0.07031657071793618,,1938,0.17094017094017094
Cc1nn(C(-c2ncc([C@H])O2)(\C))c(C)c1([C@@H]([NH+]1C(=C(N/C(=O))C[C@@H])N(C)1)),0.55671333023332,-0.07045638972544221,,1908,0.1875
Cc1nn(C(S)NC(=O)(\C))c(C)c1([C@@H]([NH+]1C(=C)C(=C[C@@H])N(C)1)),0.5557056396265032,-0.07146408033225904,,1982,0.18811881188118812
Cc1nn(C(-c2ncc([C@H])O2)(\C))c(C)c1([C@@H]([NH+]1C(=C)C(OC(=O)OCC(=O)/C)(C)1)),0.5556365867742442,-0.07153313318451804,,1978,0.19658119658119658
Cc1nn(C(-c2ncc([C@H])O2)(\C))c(C)c1([C@@H]([NH+]1C(=C([C@@H](C(=O)[O-])CCO)[C@@H])N(C)1)),0.5534894507650021,-0.07368026919376014,,1969,0.19658119658119658
Cc1nn(C(-c2ncc([C@H])O2)(\C))c(C)c1([C@@H]([NH+]1C(=C)C(=C[C@@H](N(Cc2cnc(C)n2C)C))1)),0.5534237124427741,-0.07374600751598814,,1972,0.16279069767441862
Cc1nn(C(-c2ncc([C@H])O2)(\C))c(C)c1([C@@H]([NH+]1C(=C)C([NH+](CC(=O)[O-])C)(C)1)),0.5526772263130593,-0.07449249364570298,,1930,0.2072072072072072
Cc1nn(C(-c2ncc([C@H])O2)(c2ccc(C)cc2NC(=O)))c(C)c1([C@@H]([NH+]1C(=C)C(=C[C@@H])N(C)1)),0.5496352313645239,-0.0775344885942384,,1911,0.17692307692307693
Cc1nn(C(-c2ncc([C@H])O2)(\C))c(C)c1([C@@H]([NH+]1C(=C)C(=C[C@@H](C(C(=O)OC(C)C)))1)),0.5491432116367566,-0.07802650832200564,,1901,0.19491525423728814
Cc1nn(C(-c2ncc([C@H])O2)(\C))c(C)c1([C@@H]([NH+]1C(=C)C(=C(=C(c2cccs2)))1)),0.5488360332473567,-0.0783336867114055,,1993,0.1896551724137931
Cc1nn(C(-c2ncc([C@H])O2)(\C))c(C)c1([C@@H]([NH+]1C(OC([O-]))N(C)1)),0.5449487648839263,-0.08222095507483596,,1956,0.19047619047619047
Cc1nn(C(-c2ncc([C@H])O2)(\C))c(C([NH2+][C@H]2C[C@H](CCS(=O)#N)C2))c1([C@@H]([NH+]1C(=C)C(=C[C@@H])N(C)1)),0.5439407105776765,-0.0832290093810858,,1948,0.12318840579710146
Cc1nn(C(O(CC(=O)Oc2ccc(Cl)cc2))(\C))c(C)c1([C@@H]([NH+]1C(=C)C(=C[C@@H])N(C)1)),0.5423830030942766,-0.08478671686448569,,1945,0.23076923076923078
Cc1nn(C(-c2ncc([C@H])O2)(\C))c(C)c1([C@@H]([NH+]1C(=C)C(=C(O)CCCC(=O)C)1)),0.5414478985598336,-0.0857218213989287,,1924,0.1896551724137931
Cc1nn(C(-c2ncc([C@H])O2)(\C))c(C)c1([C@@H]([NH+]1C(=C)C(=C(CCNC(=O)CN))N(C)1)),0.5387577224917488,-0.08841199746701345,,1967,0.18032786885245902
Cc1nn(C(-c2ncc([C@H])O2)(\C))c(C)c1([C@@H]([NH+]1C(=C)C(=C[C@@H]([NH+](C)Cc2ccccc2)C)1)),0.5382168212208246,-0.08895289873793766,,1904,0.2689075630252101
Cc1nn(C(-c2ncc([C@H])O2)(\C))c(C)c1([C@@H]([NH+]1C(=C([C@@H](O)C[NH+]2CCC(C)C2))N(C)1)),0.5358419813200129,-0.09132773863874932,,1994,0.15079365079365079
Cc1nn(C(-c2ncc([C@H])O2)(\C))c(C)c1([C@@H]([NH+]1C(=C)C([NH+](Cn2ccnc2CC))1)),0.5348425818676682,-0.09232713809109405,,1999,0.1721311475409836
Cc1nn(C(-c2ncc([C@H])O2)(\C))c(C)c1([C@@H]([NH+]1C(=C([NH+](C[NH3+])C))C(=C[C@@H])N(C)1)),0.5339282290483093,-0.09324149091045297,,1964,0.15966386554621848
Cc1nn(C(-c2ncc([C@H])O2)(\C))c(C)c1([C@@H]([NH+]1C(O)NC[C@@H](Cc2ccc(F)cc2)N(C)1)),0.5311621315610529,-0.0960075883977094,,1913,0.1984126984126984
Cc1nn(C(-c2ncc([C@H])O2)(\C))c(C)c1([C@@H]([NH+]1C(=C)C(=C[C@@H](/SCc2ccncc2C)C)1)),0.5293300795501487,-0.09783964040861359,,1971,0.1889763779527559
Cc1nn(C(-c2ncc([C@H])O2)(\C))c(C)c1([C@@H]([NH+]1C(N(Cc2ccc(Br)cc2))C(=C[C@@H])N(C)1)),0.528172118417239,-0.09899760154152326,,1934,0.1984126984126984
Cc1nn(C(-c2ncc([C@H])O2)(c2nocc2S(=O)(=O)N)(\C))c(C)c1([C@@H]([NH+]1C(=C)C(=C[C@@H])N(C)1)),0.5278071128703945,-0.09936260708836775,,1980,0.14393939393939395
Cc1nn(C(-c2ncc([C@H])O2)(\C))c(C)c1([C@@H]([NH+]1C(=C)C(=C[C@@H])N(C([C@@H](c2cccc(Cl)c2)C[C@H]))1)),0.5255791071390971,-0.1015906128196652,,1932,0.19083969465648856
Cc1nn(C(-c2ncc(Oc3c(Br)occ3CC)O2)(\C))c(C)c1([C@@H]([NH+]1C(=C)C(=C[C@@H])N(C)1)),0.5252536682016986,-0.10191605175706364,,1947,0.15384615384615385
Cc1nn(C(-c2ncc([C@H])O2)(\C))c(C)c1([C@@H]([NH+]1C(=C)C(=C[C@@H])N(C(=O)[C@H](Oc2ccccc2NC))1)),0.5252208615857322,-0.10194885837303003,,1932,0.2421875
Cc1nn(C(-c2ncc([C@H])O2)(\C))c(C)c1([C@@H]([NH+]1C(=C(=[NH+]/CC(Cl)))C(=C[C@@H])N(C)1)),0.5248287662608837,-0.10234095369787855,,1997,0.15833333333333333
Cc1nn(C(-c2ncc([C@H])O2)(\C))c(C)c1([C@@H]([NH+]1C(=C)C(=C(O)NC(=O)[C@](C)C)1)),0.52005880259566,-0.1071109173631023,,1952,0.1810344827586207
Cc1nn(C(-c2ncc([C@H])O2)(\C))c(C)c1([C@@H]([NH+]1C(=C)C(=C(NCC[NH+]))1)),0.5172688019819632,-0.10990091797679902,,1962,0.1592920353982301
Cc1nn(C(-c2ncc([C@H])O2)(\C))c(C)c1([C@@H]([NH+]1C(c2cccc3ccccc23)C(=C[C@@H])N(C)1)),0.5145737081459347,-0.11259601181282752,,1996,0.23015873015873015
Cc1nn(C(-c2nc(Sc3ncnn3OC(F)F)c([C@H])O2)(\C))c(C)c1([C@@H]([NH+]1C(=C)C(=C[C@@H])N(C)1)),0.5144351614100142,-0.11273455854874803,,1954,0.13138686131386862
Cc1nn(C(-c2ncc([C@H])O2)(cc2)[C@H]2CCCN(C))c(C)c1([C@@H]([NH+]1C(=C)C(=C[C@@H])N(C)1)),0.5060343115928041,-0.12113540836595815,,1973,0.14728682170542637
Cc1nn(C(-c2ncc([C@H])O2)(\C))c(C)c1([C@@H]([NH+]1C(=C)C(=C[C@@H](CC(=O)N[C@H](C)C(N)=O))N(C)1)),0.5058740197591378,-0.12129570019962443,,1998,0.1889763779527559
Cc1nn(C(-c2ncc([C@H])O2)(\C))c(C)c1([C@@H]([NH+]1C(=C)C(=C(N/C(=O)CCC[C@H](C)))1)),0.5058708285162962,-0.12129889144246608,,1962,0.18333333333333332
Cc1nn(C(-c2ncc([C@H])O2)(\C))c(C)c1([C@@H]([NH+]1C(=C)C(=C(Oc2cc(F)ccc2/C))1)),0.5033119157836032,-0.12385780417515901,,1920,0.1885245901639344
Cc1nn(C(-c2ncc([C@H])O2)(\C))c(C)c1([C@@H]([NH+]1C(=C)C(=C[C@@H])N(C)1)(S=NNC)),0.5009067154953012,-0.12626300446346106,,1991,0.15
Cc1nn(C(-c2ncc([C@H])O2)(\C))c(C)c1([C@@H]([NH+]1C(=C([C@H](C)C(=O)N[C@H](C)CN)C[C@@H])N(C)1)),0.49981340032273575,-0.1273563196360265,,1908,0.184
Cc1nn(C(-c2ncc([C@H])O2)(\C))c(C)c1([C@@H]([NH+]1C(=C(c2C(=O)NC2CCC)C[C@@H])N(C)1)),0.49943953269138397,-0.12773018726737828,,1977,0.16666666666666666
Cc1nn(C(-c2ncc([C@H])O2)(\C))c(S(=O)(=O)NCc2cccnc2)c1([C@@H]([NH+]1C(=C)C(=C[C@@H])N(C)1)),0.4975552790005573,-0.12961444095820496,,1923,0.18181818181818182
Cc1nn(C(-c2ncc([C@H])O2)(\C))c(C)c1([C@@H]([NH+]1C(=C)C(OCCCO[C@H](C)C)(C)1)),0.4905676447324861,-0.13660207522627615,,1930,0.1652892561983471
Cc1nn(C(-c2ncc([C@H])O2)(\C))c(C)c1([C@@H]([NH+]1C(=C)C(=C(OC(=O)C(C))C)1)),0.480935434842812,-0.14623428511595027,,1952,0.19469026548672566
Cc1nn(C(-c2ncc([C@H])O2)(\C))c(C)c1([C@@H]([NH+]1C(=C)C(=C(NCC[C@H](C)NC(=O))[C@@H])N(C)1)),0.4798140707175007,-0.14735564924126154,,1907,0.1732283464566929
Cc1nn(C(-c2ncc([C@H])O2)(\C))c(C)c1([C@@H]([NH+]1C(=C([C@@H](C)c2ccccc2N)[C@@H])N(C)1)),0.4772999622475624,-0.14986975771119987,,1902,0.2564102564102564
Cc1nn(C(-c2ncc([C@H])O2)(\C))c(C)c1([C@@H](N(CCC1CO1)[C@H](CCO)C)([NH+]1C(=C)C(=C[C@@H])N(C)1)),0.4739899795884823,-0.15317974037027993,,1985,0.15441176470588236
Cc1nn(C(-c2ncc([C@H])O2)(\C))c(C)c1([C@@H]([NH+]1C(Oc2ccc(F)cc2C(=O))N(C)1)),0.47137115024092047,-0.15579856971784178,,1956,0.19834710743801653
Cc1nn(C(-c2ncc(c3cc(Br)sc3NC(=O))O2)(\C))c(C)c1([C@@H]([NH+]1C(=C)C(=C[C@@H])N(C)1)),0.4711519608134259,-0.15601775914533633,,1941,0.15384615384615385
Cc1nn(C(-c2ncc([C@H])O2)(\C))c(C(ONC(=O)[C@H]2CCC[NH2+][C@@H]2))c1([C@@H]([NH+]1C(=C)C(=C[C@@H])N(C)1)),0.4702236211698751,-0.15694609878888716,,1990,0.145985401459854
C(CCC(C)C[C@](C)(O)CN)c1nn(C(-c2ncc([C@H])O2)(\C))c(C)c1([C@@H]([NH+]1C(=C)C(=C[C@@H])N(C)1)),0.4700721182614018,-0.15709760169736048,,1939,0.1323529411764706
Cc1nn(C(-c2ncc([C@H])O2)(\C))c(C)c1([C@@H]([NH+]1C(=C)C(=C[C@@H])N(C)1)(\n1ccnc1SCC(=O)N)),0.4689005121816716,-0.15826920777709064,,1949,0.183206106870229
Cc1nn(C(-c2ncc([C@H])O2)(\C))c(C)c1([C@@H]([NH+]1C(=C)C(NC(=O)CCNC(=O)O)(C)1)),0.46794809939237086,-0.1592216205663914,,1930,0.19166666666666668
Cc1nn(C(-c2nc(NC(=O)[C@H]3C[C@@H]([NH3+])CN3)c([C@H])O2)(\C))c(C)c1([C@@H]([NH+]1C(=C)C(=C[C@@H])N(C)1)),0.4670489934115543,-0.16012072654720794,,1917,0.15151515151515152
Cc1nn(C(-c2ncc([C@H])O2)(\C))c(C)c1([C@@H]([NH+]1C(=C)C(=C[C@@H])N(C(Cc2ccccc2C[C@@H](C)NC))1)),0.46251208307555314,-0.1646576368832091,,1932,0.22727272727272727
C(S(=O)(=O)N(Cc1cccnc1))c1nn(C(-c2ncc([C@H])O2)(\C))c(C)c1([C@@H]([NH+]1C(=C)C(=C[C@@H])N(C)1)),0.4612833526344181,-0.16588636732434414,,1939,0.17777777777777778
Cc1nn(C(-c2ncc([C@H])O2)(\C))c(C)c1([C@@H]([NH+]1C(=C)C(=C[C@@H](CO[C@H]2CCCC[C@H]2NC(=O)N))N(C)1)),0.45952119306319567,-0.16764852689556659,,1998,0.15714285714285714
Cc1nn(C(-c2ncc([C@H])O2)(\C))c(C)c1([C@@H]([NH+]1C(=C)C(=C(C[C@](C)(O)OCC(=O))[C@@H])N(C)1)),0.4476170164249299,-0.17955270353383235,,1953,0.16535433070866143
Cc1nn(C(-c2ncc([C@H])O2)(\C))c(C)c1([C@@H]([NH+]1C(=C)C(=C([C@@H](C)NN(C(F)))[C@@H])N(C)1)),0.4475407477267303,-0.17962897223203195,,1987,0.1721311475409836
Cc1nn(C(-c2ncc([C@H](O)C(=O)N(CCS))2)(\C))c(C)c1([C@@H]([NH+]1C(=C)C(=C[C@@H])N(C)1)),0.44484952713976944,-0.1823201928189928,,1957,0.18181818181818182
Cc1nn(C(-c2ncc([C@H])O2)(\C))c(C)c1([C@@H]([NH+]1C(C(=O)Nc2ccccc2C(=O))N(C)1)),0.440261626804677,-0.18690809315408524,,1913,0.27586206896551724
Cc1nn(C(-c2ncc(c3ccccc3Oc3cccc(Cl)c3N)2)(\C))c(C)c1([C@@H]([NH+]1C(=C)C(=C[C@@H])N(C)1)),0.43933621590247945,-0.1878335040562828,,1989,0.21323529411764705
C(C[NH2+]N)c1nn(C(-c2ncc([C@H])O2)(\C))c(C)c1([C@@H]([NH+]1C(=C)C(=C[C@@H])N(C)1)),0.43908334067219534,-0.1880863792865669,,1963,0.13333333333333333
Cc1nn(C(-c2ncc([C@H])O2)(C(CSc2nnccc2[O-])[NH+]))c(C)c1([C@@H]([NH+]1C(=C)C(=C[C@@H])N(C)1)),0.4250758817151515,-0.20209383824361077,,1911,0.15555555555555556
Cc1nn(C(CC=CCN(CC=C)C(=O))(-c2ncc([C@H])O2)(\C))c(C)c1([C@@H]([NH+]1C(=C)C(=C[C@@H])N(C)1)),0.41151079158534176,-0.2156589283734205,,1979,0.13970588235294118
Cc1nn(C(-c2ncc([C@H])O2)(\C))c(C)c1([C@@H]([NH+]1C(=C)C(=C[C@@H](S(=O)(=O)N[C@H](C)S))N(C)1)),0.4016674152511692,-0.22550230470759303,,1966,0.1693548387096774
C(=O)Nc1ccccc1C(=O)c1nn(C(-c2ncc([C@H])O2)(\C))c(C)c1([C@@H]([NH+]1C(=C)C(=C[C@@H])N(C)1)),0.3976348598895715,-0.22953486006919077,,1939,0.2283464566929134
Cc1nn(C(-c2ncc([C@H])O2)(\C))c(C)c1([C@@H]([NH+]1C(=C)C(=O)[C@H]2CCCCN2[NH2+]C(F)N(C)1)),0.3946327411650621,-0.23253697879370017,,1931,0.1450381679389313
Cc1nn(C(-c2ncc([C@H])O2)(\C))c(C)c1([C@@H]([NH+]1C(=C)C(=C[C@@H](CCNS[C@H])C)1)),0.38707356988068614,-0.2400961500780761,,1904,0.16806722689075632
Cc1nn(C(-c2ncc([C@H])O2)(\C))c(C)c1([C@@H]([NH+]1C(=C)C(=C[C@@H](NC(=O)c2sccc2S))1)),0.3805963986100885,-0.24657332134867377,,1972,0.184
Cc1nn(C(-c2ncc([C@H])O2)(\C))c(C)c1([C@@H]([NH+]1C(=C(CCC[C@@H]2NC(=O)N2CCOCC))N(C)1)),0.36390247691688477,-0.2632672430418775,,1961,0.145985401459854
Cc1nn(C(-c2ncc([C@H])O2)(\C(COc2ccc(C)cc2NNC(=O)[C@H])))c(C)c1([C@@H]([NH+]1C(=C)C(=C[C@@H])N(C)1)),0.35810752244804567,-0.2690621975107166,,1970,0.18439716312056736
Cc1nn(C(-c2ncc([C@H])O2)(\C))c(C(O)N[C@@H](CCO))c1([C@@H]([NH+]1C(=C)C(=C[C@@H])N(C)1)),0.34840449703793097,-0.2787652229208313,,1990,0.125
Cc1nn(C(-c2ncc([C@H])O2)(\C))c(C)c1([C@@H]([NH+]1C(=C)C(=C[C@@H](OCCC(=O)NC(=O)))1)),0.34124672749541324,-0.285922992463349,,1901,0.17886178861788618
Cc1nn(C(-c2ncc([C@H])O2)(\C))c(C)c1([C@@H](N=C(c1ccccc1)N[C@@H])([NH+]1C(=C)C(=C[C@@H])N(C)1)),0.3403612298582047,-0.28680849010055753,,1985,0.248
Cc1nn(C(-c2ncc([C@H])O2)(\C))c(C)c1([C@@H]([NH+]1C(=C)C(=C(Cc2cc(Br)ccc2SCC(=O)))N(C)1)),0.31748893352993873,-0.3096807864288235,,1967,0.1865671641791045
Cc1nn(C(-c2ncc(O[C@H](CC(F)=O)C(=N)N)2)(\C))c(C)c1([C@@H]([NH+]1C(=C)C(=C[C@@H])N(C)1)),0.30820464140495824,-0.318965078553804,,1914,0.17886178861788618
Cc1nn(C(-c2ncc([C@H])O2)(\C(C(CC=CCOn2cccn2)C(=O))))c(C)c1([C@@H]([NH+]1C(=C)C(=C[C@@H])N(C)1)),0.2995258976338308,-0.32764382232493144,,1970,0.1527777777777778
Cc1nn(C(-c2nc(Cc3nc(Br)cc([N+](=O)[O-])c3)c([C@H])O2)(\C))c(C)c1([C@@H]([NH+]1C(=C)C(=C[C@@H])N(C)1)),0.2798400958381995,-0.34732962412056273,,1995,0.1984732824427481
Cc1nn(C(-c2ncc([C@H])O2)(\C))c(C)c1([C@@H]([NH+]1C(=C)C(=C[C@@H])N(C(NCCOc2cccc(OC)c2C(=O)))1)),0.2796880278760209,-0.3474816920827414,,1975,0.18309859154929578
Cc1nn(C(-c2ncc([C@H])O2)(\C))c(C)c1([C@@H]([NH+]1C(=C)C(=C(=C([O-])C(=O)))1)),0.2728474049925599,-0.35432231496620237,,1920,0.18181818181818182
Cc1nn(C(-c2ncc([C@H])O2)(\C))c(C(O)N[C@@H](CCOc2ccccc2OC))c1([C@@H]([NH+]1C(=C)C(=C[C@@H])N(C)1)),0.24881187691401066,-0.3783578430447516,,1942,0.19148936170212766
Cc1nn(C(-c2ncc([C@H])O2)(\C))c(C)c1([C@@H]([NH+]1C(=C)C(=C[C@@H](S)Nc2cccc(Cl)c2C(=O))N(C)1)),0.2437804674404276,-0.38338925251833467,,1928,0.18796992481203006
C(COCCNC(=O)C(=O)NCN)c1nn(C(-c2ncc([C@H])O2)(\C))c(C)c1([C@@H]([NH+]1C(=C)C(=C[C@@H])N(C)1)),0.1746830166084312,-0.45248670335033103,,1963,0.14184397163120568
